id,semester,courses,grades,gpa,interests
1,3,"['02-24-00104', '02-24-00107', '02-24-00101', '02-24-00302', '02-24-00106', '02-24-00103', '02-24-00201', '02-24-01301', '02-24-01411']","[{'id': '02-24-00104', 'grade': 1}, {'id': '02-24-00107', 'grade': 4}, {'id': '02-24-00101', 'grade': 3}, {'id': '02-24-00302', 'grade': 3}, {'id': '02-24-00106', 'grade': 2}, {'id': '02-24-00103', 'grade': 2}, {'id': '02-24-00201', 'grade': 1}, {'id': '02-24-01301', 'grade': 2}, {'id': '02-24-01411', 'grade': 4}]",2.4444444444444446,['Software']
2,1,"['02-24-00102', '02-24-00104', '02-24-00302', '02-24-01201', '02-24-00106']","[{'id': '02-24-00102', 'grade': 1}, {'id': '02-24-00104', 'grade': 1}, {'id': '02-24-00302', 'grade': 3}, {'id': '02-24-01201', 'grade': 4}, {'id': '02-24-00106', 'grade': 3}]",2.4,['Software']
3,5,"['02-24-00107', '02-24-00302', '02-24-00102', '02-24-00104', '02-24-01202', '02-24-00105', '02-24-00108', '02-24-00303', '02-24-01414', '02-24-00305', '02-24-00202', '02-24-01413', '02-24-00101', '02-24-00306', '02-24-01201']","[{'id': '02-24-00107', 'grade': 2}, {'id': '02-24-00103', 'grade': 0}, {'id': '02-24-00101', 'grade': 0}, {'id': '02-24-00302', 'grade': 4}, {'id': '02-24-00102', 'grade': 2}, {'id': '02-24-00104', 'grade': 4}, {'id': '02-24-01202', 'grade': 2}, {'id': '02-24-00105', 'grade': 4}, {'id': '02-24-00108', 'grade': 3}, {'id': '02-24-00306', 'grade': 0}, {'id': '02-24-00303', 'grade': 3}, {'id': '02-24-01414', 'grade': 3}, {'id': '02-24-00305', 'grade': 4}, {'id': '02-24-00202', 'grade': 1}, {'id': '02-24-01413', 'grade': 4}, {'id': '02-24-00101', 'grade': 1}, {'id': '02-24-01415', 'grade': 0}, {'id': '02-24-00306', 'grade': 3}, {'id': '02-24-01201', 'grade': 3}]",2.263157894736842,"['AI', 'Data', 'Software']"
4,1,"['02-24-00106', '02-24-00302', '02-24-00107']","[{'id': '02-24-00106', 'grade': 4}, {'id': '02-24-00302', 'grade': 2}, {'id': '02-24-00107', 'grade': 4}]",3.3333333333333335,"['Software', 'AI', 'Data']"
5,2,"['02-24-00101', '02-24-00106', '02-24-00102', '02-24-00203', '02-24-01201', '02-24-00104']","[{'id': '02-24-00106', 'grade': 0}, {'id': '02-24-00101', 'grade': 3}, {'id': '02-24-00106', 'grade': 1}, {'id': '02-24-00102', 'grade': 3}, {'id': '02-24-00203', 'grade': 1}, {'id': '02-24-01201', 'grade': 1}, {'id': '02-24-00104', 'grade': 1}]",1.4285714285714286,"['Software', 'Data']"
6,2,"['02-24-00104', '02-24-00102', '02-24-01202', '02-24-00101']","[{'id': '02-24-00104', 'grade': 3}, {'id': '02-24-00102', 'grade': 3}, {'id': '02-24-00107', 'grade': 0}, {'id': '02-24-00107', 'grade': 0}, {'id': '02-24-01202', 'grade': 1}, {'id': '02-24-00101', 'grade': 4}, {'id': '02-24-01201', 'grade': 0}, {'id': '02-24-00302', 'grade': 0}]",1.375,"['AI', 'Data', 'Software']"
7,5,"['02-24-00103', '02-24-00109', '02-24-00106', '02-24-00302', '02-24-00104', '02-24-00105', '02-24-01403', '02-24-00305', '02-24-00102', '02-24-00110', '02-24-00307', '02-24-00101', '02-24-00308', '02-24-00205', '02-24-00107', '02-24-01201', '02-24-00203', '02-24-00306', '02-24-00108', '02-24-01413']","[{'id': '02-24-00103', 'grade': 3}, {'id': '02-24-00109', 'grade': 3}, {'id': '02-24-00106', 'grade': 4}, {'id': '02-24-00302', 'grade': 4}, {'id': '02-24-00104', 'grade': 3}, {'id': '02-24-00105', 'grade': 3}, {'id': '02-24-01403', 'grade': 2}, {'id': '02-24-00305', 'grade': 1}, {'id': '02-24-00102', 'grade': 2}, {'id': '02-24-00110', 'grade': 1}, {'id': '02-24-00307', 'grade': 2}, {'id': '02-24-00101', 'grade': 4}, {'id': '02-24-00308', 'grade': 3}, {'id': '02-24-00205', 'grade': 3}, {'id': '02-24-00107', 'grade': 1}, {'id': '02-24-01201', 'grade': 4}, {'id': '02-24-00203', 'grade': 2}, {'id': '02-24-00306', 'grade': 3}, {'id': '02-24-00108', 'grade': 4}, {'id': '02-24-01409', 'grade': 0}, {'id': '02-24-01413', 'grade': 4}]",2.6666666666666665,"['Software', 'Data']"
8,3,"['02-24-00104', '02-24-00106', '02-24-00302', '02-24-00101', '02-24-00107', '02-24-00203', '02-24-01202', '02-24-00105']","[{'id': '02-24-00104', 'grade': 1}, {'id': '02-24-00106', 'grade': 3}, {'id': '02-24-00302', 'grade': 4}, {'id': '02-24-00101', 'grade': 3}, {'id': '02-24-00107', 'grade': 3}, {'id': '02-24-00203', 'grade': 4}, {'id': '02-24-00102', 'grade': 0}, {'id': '02-24-01202', 'grade': 4}, {'id': '02-24-00105', 'grade': 1}, {'id': '02-24-00108', 'grade': 0}]",2.3,"['Data', 'AI', 'Software']"
9,2,"['02-24-00104', '02-24-00102', '02-24-01202', '02-24-00101', '02-24-00103', '02-24-00106']","[{'id': '02-24-00104', 'grade': 3}, {'id': '02-24-00102', 'grade': 2}, {'id': '02-24-01202', 'grade': 4}, {'id': '02-24-00101', 'grade': 1}, {'id': '02-24-00103', 'grade': 3}, {'id': '02-24-00106', 'grade': 2}, {'id': '02-24-00107', 'grade': 0}]",2.142857142857143,['Software']
10,6,"['02-24-00101', '02-24-00203', '02-24-00103', '02-24-00302', '02-24-00105', '02-24-00307', '02-24-00306', '02-24-00202', '02-24-00108', '02-24-00204', '02-24-00102', '02-24-00304', '02-24-00106', '02-24-00201', '02-24-01411', '02-24-00206', '02-24-00303', '02-24-00110', '02-24-01416', '02-24-01301', '02-24-00109']","[{'id': '02-24-00101', 'grade': 2}, {'id': '02-24-00203', 'grade': 3}, {'id': '02-24-00103', 'grade': 2}, {'id': '02-24-00302', 'grade': 2}, {'id': '02-24-00105', 'grade': 3}, {'id': '02-24-00307', 'grade': 3}, {'id': '02-24-00306', 'grade': 4}, {'id': '02-24-00308', 'grade': 0}, {'id': '02-24-00202', 'grade': 3}, {'id': '02-24-00108', 'grade': 4}, {'id': '02-24-00204', 'grade': 3}, {'id': '02-24-00102', 'grade': 4}, {'id': '02-24-00304', 'grade': 2}, {'id': '02-24-00106', 'grade': 1}, {'id': '02-24-00201', 'grade': 4}, {'id': '02-24-01411', 'grade': 2}, {'id': '02-24-00206', 'grade': 4}, {'id': '02-24-00303', 'grade': 2}, {'id': '02-24-00110', 'grade': 1}, {'id': '02-24-01416', 'grade': 3}, {'id': '02-24-01301', 'grade': 3}, {'id': '02-24-01204', 'grade': 0}, {'id': '02-24-00109', 'grade': 1}]",2.4347826086956523,"['Data', 'AI', 'Software']"
11,6,"['02-24-00103', '02-24-00104', '02-24-00101', '02-24-00203', '02-24-00302', '02-24-00107', '02-24-00105', '02-24-00306', '02-24-00106', '02-24-00202', '02-24-01403', '02-24-00109', '02-24-01202', '02-24-00108', '02-24-00205', '02-24-01416', '02-24-00201', '02-24-00206', '02-24-00110', '02-24-01301', '02-24-01204', '02-24-01302']","[{'id': '02-24-00103', 'grade': 4}, {'id': '02-24-00104', 'grade': 3}, {'id': '02-24-00101', 'grade': 3}, {'id': '02-24-00203', 'grade': 4}, {'id': '02-24-00302', 'grade': 2}, {'id': '02-24-00107', 'grade': 3}, {'id': '02-24-00105', 'grade': 4}, {'id': '02-24-00306', 'grade': 3}, {'id': '02-24-00106', 'grade': 3}, {'id': '02-24-00202', 'grade': 3}, {'id': '02-24-01403', 'grade': 2}, {'id': '02-24-00109', 'grade': 1}, {'id': '02-24-01202', 'grade': 3}, {'id': '02-24-00108', 'grade': 4}, {'id': '02-24-00205', 'grade': 1}, {'id': '02-24-01416', 'grade': 3}, {'id': '02-24-00201', 'grade': 4}, {'id': '02-24-00206', 'grade': 4}, {'id': '02-24-00110', 'grade': 4}, {'id': '02-24-01301', 'grade': 3}, {'id': '02-24-01204', 'grade': 2}, {'id': '02-24-01302', 'grade': 4}]",3.0454545454545454,"['Software', 'AI']"
12,6,"['02-24-00103', '02-24-00101', '02-24-00107', '02-24-00105', '02-24-00302', '02-24-00108', '02-24-00109', '02-24-00203', '02-24-00102', '02-24-00303', '02-24-00106', '02-24-00307', '02-24-00201', '02-24-00204', '02-24-01411', '02-24-00202', '02-24-00305', '02-24-00206', '02-24-01407']","[{'id': '02-24-00103', 'grade': 2}, {'id': '02-24-00101', 'grade': 2}, {'id': '02-24-00106', 'grade': 0}, {'id': '02-24-00107', 'grade': 2}, {'id': '02-24-00105', 'grade': 1}, {'id': '02-24-00302', 'grade': 4}, {'id': '02-24-00108', 'grade': 3}, {'id': '02-24-00109', 'grade': 3}, {'id': '02-24-00203', 'grade': 1}, {'id': '02-24-00102', 'grade': 1}, {'id': '02-24-00303', 'grade': 3}, {'id': '02-24-00304', 'grade': 0}, {'id': '02-24-00106', 'grade': 3}, {'id': '02-24-00307', 'grade': 3}, {'id': '02-24-00201', 'grade': 2}, {'id': '02-24-00204', 'grade': 2}, {'id': '02-24-01411', 'grade': 4}, {'id': '02-24-00202', 'grade': 2}, {'id': '02-24-00305', 'grade': 1}, {'id': '02-24-00206', 'grade': 3}, {'id': '02-24-01407', 'grade': 1}]",2.0476190476190474,"['AI', 'Software', 'Data']"
13,2,"['02-24-00302', '02-24-00107', '02-24-00102', '02-24-00101', '02-24-01201', '02-24-00103']","[{'id': '02-24-00302', 'grade': 2}, {'id': '02-24-00107', 'grade': 4}, {'id': '02-24-00102', 'grade': 4}, {'id': '02-24-00101', 'grade': 3}, {'id': '02-24-01201', 'grade': 3}, {'id': '02-24-00103', 'grade': 2}, {'id': '02-24-00105', 'grade': 0}]",2.5714285714285716,"['Software', 'Data']"
14,1,"['02-24-00107', '02-24-00104']","[{'id': '02-24-00107', 'grade': 1}, {'id': '02-24-00104', 'grade': 1}, {'id': '02-24-00102', 'grade': 0}]",0.6666666666666666,"['AI', 'Software']"
15,6,"['02-24-00105', '02-24-00102', '02-24-00106', '02-24-00302', '02-24-00306', '02-24-00107', '02-24-00108', '02-24-00303', '02-24-01201', '02-24-01413', '02-24-01414', '02-24-00202', '02-24-00204', '02-24-00104', '02-24-01415', '02-24-00101', '02-24-01416', '02-24-00110', '02-24-00103', '02-24-01403', '02-24-00305', '02-24-01410', '02-24-00203']","[{'id': '02-24-00105', 'grade': 3}, {'id': '02-24-00102', 'grade': 2}, {'id': '02-24-00106', 'grade': 3}, {'id': '02-24-00302', 'grade': 1}, {'id': '02-24-00306', 'grade': 4}, {'id': '02-24-00107', 'grade': 2}, {'id': '02-24-00108', 'grade': 3}, {'id': '02-24-00303', 'grade': 3}, {'id': '02-24-01201', 'grade': 0}, {'id': '02-24-00204', 'grade': 0}, {'id': '02-24-01201', 'grade': 3}, {'id': '02-24-01413', 'grade': 3}, {'id': '02-24-01414', 'grade': 3}, {'id': '02-24-00202', 'grade': 3}, {'id': '02-24-00204', 'grade': 4}, {'id': '02-24-00104', 'grade': 3}, {'id': '02-24-01415', 'grade': 3}, {'id': '02-24-00101', 'grade': 3}, {'id': '02-24-01416', 'grade': 3}, {'id': '02-24-00305', 'grade': 0}, {'id': '02-24-00110', 'grade': 1}, {'id': '02-24-00103', 'grade': 1}, {'id': '02-24-01403', 'grade': 3}, {'id': '02-24-00305', 'grade': 3}, {'id': '02-24-01410', 'grade': 2}, {'id': '02-24-00203', 'grade': 4}]",2.423076923076923,"['AI', 'Software', 'Data']"
16,4,"['02-24-00103', '02-24-00107', '02-24-00101', '02-24-00302', '02-24-00109', '02-24-00104', '02-24-00106', '02-24-00201', '02-24-01306', '02-24-01305', '02-24-01302', '02-24-01204', '02-24-00206', '02-24-00203', '02-24-01411']","[{'id': '02-24-00103', 'grade': 3}, {'id': '02-24-00302', 'grade': 0}, {'id': '02-24-00107', 'grade': 3}, {'id': '02-24-00101', 'grade': 3}, {'id': '02-24-00302', 'grade': 1}, {'id': '02-24-00109', 'grade': 3}, {'id': '02-24-00104', 'grade': 2}, {'id': '02-24-00106', 'grade': 3}, {'id': '02-24-00201', 'grade': 2}, {'id': '02-24-01306', 'grade': 1}, {'id': '02-24-01305', 'grade': 3}, {'id': '02-24-01302', 'grade': 1}, {'id': '02-24-01204', 'grade': 4}, {'id': '02-24-00203', 'grade': 0}, {'id': '02-24-01411', 'grade': 0}, {'id': '02-24-00206', 'grade': 3}, {'id': '02-24-00203', 'grade': 2}, {'id': '02-24-01411', 'grade': 1}]",1.9444444444444444,['Software']
17,1,"['02-24-00302', '02-24-00103', '02-24-00104', '02-24-00102', '02-24-01202']","[{'id': '02-24-00302', 'grade': 4}, {'id': '02-24-00103', 'grade': 1}, {'id': '02-24-00104', 'grade': 4}, {'id': '02-24-00102', 'grade': 2}, {'id': '02-24-01202', 'grade': 2}]",2.6,"['AI', 'Data', 'Software']"
18,6,"['02-24-00101', '02-24-00106', '02-24-00201', '02-24-01301', '02-24-01302', '02-24-01305', '02-24-00302', '02-24-00104', '02-24-01204', '02-24-01402', '02-24-01202', '02-24-00102', '02-24-00107', '02-24-01306', '02-24-01412', '02-24-00105', '02-24-00103', '02-24-01403', '02-24-00109', '02-24-00306', '02-24-00305', '02-24-01411', '02-24-00203', '02-24-00202', '02-24-01416', '02-24-01203', '02-24-00108']","[{'id': '02-24-00101', 'grade': 4}, {'id': '02-24-00106', 'grade': 1}, {'id': '02-24-00201', 'grade': 4}, {'id': '02-24-01301', 'grade': 3}, {'id': '02-24-00105', 'grade': 0}, {'id': '02-24-01302', 'grade': 1}, {'id': '02-24-01305', 'grade': 3}, {'id': '02-24-00302', 'grade': 4}, {'id': '02-24-00105', 'grade': 0}, {'id': '02-24-00104', 'grade': 2}, {'id': '02-24-01204', 'grade': 4}, {'id': '02-24-01402', 'grade': 4}, {'id': '02-24-01202', 'grade': 1}, {'id': '02-24-00102', 'grade': 1}, {'id': '02-24-00107', 'grade': 4}, {'id': '02-24-01306', 'grade': 3}, {'id': '02-24-01412', 'grade': 4}, {'id': '02-24-00105', 'grade': 1}, {'id': '02-24-00103', 'grade': 1}, {'id': '02-24-01403', 'grade': 2}, {'id': '02-24-00109', 'grade': 2}, {'id': '02-24-00306', 'grade': 2}, {'id': '02-24-00305', 'grade': 4}, {'id': '02-24-01411', 'grade': 3}, {'id': '02-24-00203', 'grade': 3}, {'id': '02-24-00202', 'grade': 2}, {'id': '02-24-01201', 'grade': 0}, {'id': '02-24-01416', 'grade': 2}, {'id': '02-24-01203', 'grade': 3}, {'id': '02-24-00108', 'grade': 1}]",2.3,"['Data', 'AI']"
19,3,"['02-24-00105', '02-24-00101', '02-24-00110', '02-24-00302', '02-24-00305', '02-24-00104', '02-24-00103', '02-24-00102', '02-24-01201', '02-24-01202']","[{'id': '02-24-00105', 'grade': 2}, {'id': '02-24-00101', 'grade': 1}, {'id': '02-24-00102', 'grade': 0}, {'id': '02-24-00110', 'grade': 3}, {'id': '02-24-00302', 'grade': 1}, {'id': '02-24-00305', 'grade': 3}, {'id': '02-24-00104', 'grade': 1}, {'id': '02-24-00103', 'grade': 4}, {'id': '02-24-00102', 'grade': 3}, {'id': '02-24-01201', 'grade': 3}, {'id': '02-24-01202', 'grade': 1}]",2.0,['Software']
20,5,"['02-24-00103', '02-24-00105', '02-24-00104', '02-24-00202', '02-24-01416', '02-24-00108', '02-24-00305', '02-24-01415', '02-24-00107', '02-24-01414', '02-24-01413', '02-24-00109', '02-24-00205', '02-24-00110', '02-24-00302', '02-24-00204', '02-24-00303', '02-24-00106', '02-24-00101', '02-24-00304', '02-24-00102']","[{'id': '02-24-00103', 'grade': 3}, {'id': '02-24-00106', 'grade': 0}, {'id': '02-24-00106', 'grade': 0}, {'id': '02-24-00302', 'grade': 0}, {'id': '02-24-00105', 'grade': 3}, {'id': '02-24-00104', 'grade': 3}, {'id': '02-24-00202', 'grade': 2}, {'id': '02-24-01416', 'grade': 3}, {'id': '02-24-00108', 'grade': 3}, {'id': '02-24-00305', 'grade': 3}, {'id': '02-24-01415', 'grade': 3}, {'id': '02-24-00107', 'grade': 3}, {'id': '02-24-01414', 'grade': 4}, {'id': '02-24-01413', 'grade': 1}, {'id': '02-24-00109', 'grade': 2}, {'id': '02-24-00205', 'grade': 3}, {'id': '02-24-00110', 'grade': 4}, {'id': '02-24-00204', 'grade': 0}, {'id': '02-24-00302', 'grade': 2}, {'id': '02-24-00204', 'grade': 1}, {'id': '02-24-00303', 'grade': 1}, {'id': '02-24-00106', 'grade': 3}, {'id': '02-24-00101', 'grade': 1}, {'id': '02-24-00304', 'grade': 2}, {'id': '02-24-00102', 'grade': 4}]",2.16,"['Data', 'Software', 'AI']"
21,3,"['02-24-00102', '02-24-00107', '02-24-00103', '02-24-01201', '02-24-00106', '02-24-00105', '02-24-00305', '02-24-00306', '02-24-00104', '02-24-00110', '02-24-00201', '02-24-01402', '02-24-01306', '02-24-01305']","[{'id': '02-24-00102', 'grade': 4}, {'id': '02-24-00107', 'grade': 1}, {'id': '02-24-00103', 'grade': 2}, {'id': '02-24-01201', 'grade': 4}, {'id': '02-24-00106', 'grade': 4}, {'id': '02-24-00105', 'grade': 4}, {'id': '02-24-00305', 'grade': 2}, {'id': '02-24-00306', 'grade': 2}, {'id': '02-24-00104', 'grade': 3}, {'id': '02-24-00110', 'grade': 3}, {'id': '02-24-00201', 'grade': 1}, {'id': '02-24-01403', 'grade': 0}, {'id': '02-24-01402', 'grade': 2}, {'id': '02-24-01306', 'grade': 3}, {'id': '02-24-01305', 'grade': 2}]",2.466666666666667,['Data']
22,2,"['02-24-00102', '02-24-01201', '02-24-00107', '02-24-00106', '02-24-00105', '02-24-00108', '02-24-00306', '02-24-01414', '02-24-00305', '02-24-00104']","[{'id': '02-24-00102', 'grade': 1}, {'id': '02-24-01201', 'grade': 4}, {'id': '02-24-00107', 'grade': 4}, {'id': '02-24-00106', 'grade': 2}, {'id': '02-24-00105', 'grade': 4}, {'id': '02-24-00108', 'grade': 3}, {'id': '02-24-00306', 'grade': 3}, {'id': '02-24-01414', 'grade': 3}, {'id': '02-24-00305', 'grade': 3}, {'id': '02-24-00104', 'grade': 3}]",3.0,"['AI', 'Data', 'Software']"
23,3,"['02-24-00105', '02-24-00106', '02-24-00201', '02-24-01306', '02-24-00102', '02-24-00107', '02-24-00101', '02-24-00104', '02-24-00110', '02-24-01204']","[{'id': '02-24-00105', 'grade': 4}, {'id': '02-24-00106', 'grade': 3}, {'id': '02-24-00201', 'grade': 2}, {'id': '02-24-01306', 'grade': 4}, {'id': '02-24-00102', 'grade': 3}, {'id': '02-24-00108', 'grade': 0}, {'id': '02-24-00107', 'grade': 2}, {'id': '02-24-00101', 'grade': 1}, {'id': '02-24-00302', 'grade': 0}, {'id': '02-24-00104', 'grade': 4}, {'id': '02-24-00110', 'grade': 1}, {'id': '02-24-01204', 'grade': 2}]",2.1666666666666665,['AI']
24,1,"['02-24-00101', '02-24-00107', '02-24-00203']","[{'id': '02-24-00101', 'grade': 2}, {'id': '02-24-00107', 'grade': 3}, {'id': '02-24-00203', 'grade': 4}]",3.0,"['AI', 'Software']"
25,6,"['02-24-00101', '02-24-00104', '02-24-00103', '02-24-00107', '02-24-00106', '02-24-00102', '02-24-00203', '02-24-00201', '02-24-01306', '02-24-01305', '02-24-01201', '02-24-01301', '02-24-01402', '02-24-00302', '02-24-00109', '02-24-01411', '02-24-01412', '02-24-01204', '02-24-00105', '02-24-01302', '02-24-01202', '02-24-00202', '02-24-00308', '02-24-00205', '02-24-01416', '02-24-01415', '02-24-00110']","[{'id': '02-24-00101', 'grade': 1}, {'id': '02-24-00104', 'grade': 3}, {'id': '02-24-00103', 'grade': 3}, {'id': '02-24-00107', 'grade': 3}, {'id': '02-24-00106', 'grade': 2}, {'id': '02-24-00102', 'grade': 2}, {'id': '02-24-00203', 'grade': 3}, {'id': '02-24-00201', 'grade': 3}, {'id': '02-24-01306', 'grade': 3}, {'id': '02-24-01305', 'grade': 2}, {'id': '02-24-01201', 'grade': 2}, {'id': '02-24-01301', 'grade': 1}, {'id': '02-24-01402', 'grade': 3}, {'id': '02-24-00302', 'grade': 4}, {'id': '02-24-00109', 'grade': 3}, {'id': '02-24-01411', 'grade': 1}, {'id': '02-24-01412', 'grade': 2}, {'id': '02-24-01204', 'grade': 4}, {'id': '02-24-00105', 'grade': 2}, {'id': '02-24-01302', 'grade': 1}, {'id': '02-24-01202', 'grade': 1}, {'id': '02-24-00206', 'grade': 0}, {'id': '02-24-00202', 'grade': 3}, {'id': '02-24-00308', 'grade': 2}, {'id': '02-24-00205', 'grade': 4}, {'id': '02-24-01416', 'grade': 3}, {'id': '02-24-01415', 'grade': 3}, {'id': '02-24-00110', 'grade': 3}]",2.392857142857143,"['Software', 'Data']"
26,4,"['02-24-00302', '02-24-00104', '02-24-01202', '02-24-00103', '02-24-00106', '02-24-00102', '02-24-00101', '02-24-00107', '02-24-00105', '02-24-00203', '02-24-00109', '02-24-00202', '02-24-00205', '02-24-01416', '02-24-01201', '02-24-00110', '02-24-00307']","[{'id': '02-24-00302', 'grade': 3}, {'id': '02-24-00104', 'grade': 4}, {'id': '02-24-01202', 'grade': 2}, {'id': '02-24-00102', 'grade': 0}, {'id': '02-24-00103', 'grade': 1}, {'id': '02-24-00106', 'grade': 4}, {'id': '02-24-00102', 'grade': 3}, {'id': '02-24-00101', 'grade': 1}, {'id': '02-24-00107', 'grade': 4}, {'id': '02-24-00105', 'grade': 2}, {'id': '02-24-00203', 'grade': 2}, {'id': '02-24-00109', 'grade': 4}, {'id': '02-24-00202', 'grade': 2}, {'id': '02-24-00205', 'grade': 4}, {'id': '02-24-00110', 'grade': 0}, {'id': '02-24-01416', 'grade': 3}, {'id': '02-24-01201', 'grade': 2}, {'id': '02-24-00110', 'grade': 1}, {'id': '02-24-00307', 'grade': 1}]",2.263157894736842,['Software']
27,6,"['02-24-00302', '02-24-00103', '02-24-00101', '02-24-00105', '02-24-00110', '02-24-00307', '02-24-00104', '02-24-00305', '02-24-00108', '02-24-00306', '02-24-00102', '02-24-01410', '02-24-01202', '02-24-00301', '02-24-00109', '02-24-01201', '02-24-00308', '02-24-00204', '02-24-01413', '02-24-00304', '02-24-00106', '02-24-00303', '02-24-00203', '02-24-00205', '02-24-00201', '02-24-01411']","[{'id': '02-24-00107', 'grade': 0}, {'id': '02-24-00302', 'grade': 1}, {'id': '02-24-00103', 'grade': 1}, {'id': '02-24-00101', 'grade': 1}, {'id': '02-24-00105', 'grade': 4}, {'id': '02-24-00108', 'grade': 0}, {'id': '02-24-00110', 'grade': 4}, {'id': '02-24-00307', 'grade': 1}, {'id': '02-24-00104', 'grade': 1}, {'id': '02-24-00305', 'grade': 3}, {'id': '02-24-00108', 'grade': 3}, {'id': '02-24-00306', 'grade': 2}, {'id': '02-24-00102', 'grade': 3}, {'id': '02-24-01410', 'grade': 2}, {'id': '02-24-01202', 'grade': 4}, {'id': '02-24-00109', 'grade': 0}, {'id': '02-24-00301', 'grade': 2}, {'id': '02-24-00109', 'grade': 3}, {'id': '02-24-01201', 'grade': 3}, {'id': '02-24-00308', 'grade': 4}, {'id': '02-24-00204', 'grade': 2}, {'id': '02-24-01413', 'grade': 2}, {'id': '02-24-00304', 'grade': 2}, {'id': '02-24-00106', 'grade': 3}, {'id': '02-24-00303', 'grade': 1}, {'id': '02-24-00203', 'grade': 1}, {'id': '02-24-00205', 'grade': 4}, {'id': '02-24-01414', 'grade': 0}, {'id': '02-24-00201', 'grade': 4}, {'id': '02-24-01411', 'grade': 3}]",2.1333333333333333,"['Software', 'AI']"
28,5,"['02-24-00104', '02-24-00102', '02-24-00107', '02-24-01202', '02-24-01201', '02-24-00103', '02-24-00105', '02-24-00306', '02-24-00202', '02-24-00302', '02-24-00108', '02-24-00305', '02-24-00106', '02-24-00201']","[{'id': '02-24-00104', 'grade': 3}, {'id': '02-24-00102', 'grade': 1}, {'id': '02-24-01202', 'grade': 0}, {'id': '02-24-00107', 'grade': 4}, {'id': '02-24-01202', 'grade': 1}, {'id': '02-24-01201', 'grade': 3}, {'id': '02-24-00103', 'grade': 4}, {'id': '02-24-00105', 'grade': 1}, {'id': '02-24-00306', 'grade': 4}, {'id': '02-24-00202', 'grade': 4}, {'id': '02-24-00302', 'grade': 2}, {'id': '02-24-00108', 'grade': 2}, {'id': '02-24-00305', 'grade': 2}, {'id': '02-24-00106', 'grade': 2}, {'id': '02-24-00201', 'grade': 3}]",2.4,"['AI', 'Software', 'Data']"
29,5,"['02-24-00104', '02-24-00106', '02-24-00103', '02-24-00302', '02-24-00107', '02-24-01202', '02-24-00109', '02-24-00201', '02-24-00102', '02-24-01411', '02-24-01412', '02-24-01402', '02-24-01305', '02-24-01302', '02-24-00101', '02-24-00105', '02-24-00307', '02-24-00202', '02-24-00308', '02-24-01204']","[{'id': '02-24-00103', 'grade': 0}, {'id': '02-24-00104', 'grade': 2}, {'id': '02-24-00106', 'grade': 3}, {'id': '02-24-00103', 'grade': 1}, {'id': '02-24-00302', 'grade': 4}, {'id': '02-24-00107', 'grade': 4}, {'id': '02-24-01202', 'grade': 3}, {'id': '02-24-00109', 'grade': 2}, {'id': '02-24-00201', 'grade': 2}, {'id': '02-24-00102', 'grade': 3}, {'id': '02-24-01411', 'grade': 3}, {'id': '02-24-01412', 'grade': 2}, {'id': '02-24-00206', 'grade': 0}, {'id': '02-24-01402', 'grade': 3}, {'id': '02-24-01305', 'grade': 1}, {'id': '02-24-01302', 'grade': 2}, {'id': '02-24-00101', 'grade': 4}, {'id': '02-24-00105', 'grade': 3}, {'id': '02-24-00307', 'grade': 4}, {'id': '02-24-00202', 'grade': 1}, {'id': '02-24-00308', 'grade': 1}, {'id': '02-24-01204', 'grade': 1}]",2.227272727272727,"['Data', 'Software']"
30,3,"['02-24-00106', '02-24-00101', '02-24-00201', '02-24-01204', '02-24-01301', '02-24-01412', '02-24-00104', '02-24-01202', '02-24-00103', '02-24-00105', '02-24-00308', '02-24-00102', '02-24-01411', '02-24-01403']","[{'id': '02-24-00106', 'grade': 2}, {'id': '02-24-00101', 'grade': 3}, {'id': '02-24-00201', 'grade': 3}, {'id': '02-24-01204', 'grade': 3}, {'id': '02-24-01301', 'grade': 4}, {'id': '02-24-01412', 'grade': 3}, {'id': '02-24-00104', 'grade': 1}, {'id': '02-24-01202', 'grade': 2}, {'id': '02-24-00103', 'grade': 3}, {'id': '02-24-00105', 'grade': 1}, {'id': '02-24-00308', 'grade': 1}, {'id': '02-24-00102', 'grade': 1}, {'id': '02-24-01411', 'grade': 2}, {'id': '02-24-01403', 'grade': 3}]",2.2857142857142856,['Software']
31,5,"['02-24-00107', '02-24-00101', '02-24-00106', '02-24-00201', '02-24-00302', '02-24-01411', '02-24-00206', '02-24-00104', '02-24-01301', '02-24-01202', '02-24-01305', '02-24-00105', '02-24-00108', '02-24-01410', '02-24-00204', '02-24-01407']","[{'id': '02-24-00107', 'grade': 3}, {'id': '02-24-00101', 'grade': 2}, {'id': '02-24-00106', 'grade': 4}, {'id': '02-24-00201', 'grade': 2}, {'id': '02-24-00102', 'grade': 0}, {'id': '02-24-00302', 'grade': 2}, {'id': '02-24-01411', 'grade': 3}, {'id': '02-24-01302', 'grade': 0}, {'id': '02-24-01301', 'grade': 0}, {'id': '02-24-00206', 'grade': 3}, {'id': '02-24-00104', 'grade': 2}, {'id': '02-24-01301', 'grade': 3}, {'id': '02-24-01202', 'grade': 4}, {'id': '02-24-01305', 'grade': 4}, {'id': '02-24-00105', 'grade': 2}, {'id': '02-24-00108', 'grade': 2}, {'id': '02-24-01410', 'grade': 3}, {'id': '02-24-01302', 'grade': 0}, {'id': '02-24-00204', 'grade': 2}, {'id': '02-24-01407', 'grade': 2}]",2.15,['AI']
32,1,"['02-24-00106', '02-24-00101', '02-24-00201', '02-24-01301']","[{'id': '02-24-00106', 'grade': 1}, {'id': '02-24-00101', 'grade': 3}, {'id': '02-24-00201', 'grade': 4}, {'id': '02-24-01301', 'grade': 2}]",2.5,"['AI', 'Data']"
33,1,"['02-24-00102', '02-24-00103', '02-24-00101']","[{'id': '02-24-00102', 'grade': 2}, {'id': '02-24-00103', 'grade': 4}, {'id': '02-24-00101', 'grade': 2}]",2.6666666666666665,['Data']
34,7,"['02-24-00102', '02-24-00101', '02-24-00104', '02-24-01202', '02-24-00105', '02-24-00107', '02-24-00106', '02-24-00305', '02-24-00203', '02-24-00108', '02-24-00204', '02-24-00306', '02-24-00202', '02-24-01410', '02-24-00201', '02-24-00110', '02-24-01305', '02-24-01204', '02-24-01403', '02-24-00303', '02-24-01302', '02-24-01306']","[{'id': '02-24-00102', 'grade': 3}, {'id': '02-24-00101', 'grade': 2}, {'id': '02-24-00104', 'grade': 1}, {'id': '02-24-00105', 'grade': 0}, {'id': '02-24-01202', 'grade': 3}, {'id': '02-24-00105', 'grade': 3}, {'id': '02-24-00107', 'grade': 4}, {'id': '02-24-00106', 'grade': 4}, {'id': '02-24-00305', 'grade': 4}, {'id': '02-24-00203', 'grade': 1}, {'id': '02-24-00108', 'grade': 2}, {'id': '02-24-00204', 'grade': 2}, {'id': '02-24-00306', 'grade': 4}, {'id': '02-24-01414', 'grade': 0}, {'id': '02-24-00202', 'grade': 4}, {'id': '02-24-01410', 'grade': 3}, {'id': '02-24-00201', 'grade': 3}, {'id': '02-24-00110', 'grade': 4}, {'id': '02-24-01305', 'grade': 2}, {'id': '02-24-01204', 'grade': 4}, {'id': '02-24-01403', 'grade': 4}, {'id': '02-24-00303', 'grade': 1}, {'id': '02-24-01302', 'grade': 3}, {'id': '02-24-01306', 'grade': 1}]",2.5833333333333335,"['Data', 'Software', 'AI']"
35,7,"['02-24-00105', '02-24-00101', '02-24-00203', '02-24-00104', '02-24-00302', '02-24-01202', '02-24-00103', '02-24-00107', '02-24-00106', '02-24-00108', '02-24-01410', '02-24-00308', '02-24-00110', '02-24-01403', '02-24-01413', '02-24-01414', '02-24-00109', '02-24-00307', '02-24-00305']","[{'id': '02-24-00105', 'grade': 2}, {'id': '02-24-00101', 'grade': 3}, {'id': '02-24-00203', 'grade': 4}, {'id': '02-24-00104', 'grade': 4}, {'id': '02-24-00302', 'grade': 4}, {'id': '02-24-01202', 'grade': 3}, {'id': '02-24-00103', 'grade': 2}, {'id': '02-24-00107', 'grade': 1}, {'id': '02-24-00106', 'grade': 4}, {'id': '02-24-00108', 'grade': 3}, {'id': '02-24-01410', 'grade': 1}, {'id': '02-24-00308', 'grade': 4}, {'id': '02-24-00110', 'grade': 1}, {'id': '02-24-01403', 'grade': 4}, {'id': '02-24-00304', 'grade': 0}, {'id': '02-24-01413', 'grade': 1}, {'id': '02-24-01414', 'grade': 4}, {'id': '02-24-00109', 'grade': 2}, {'id': '02-24-00307', 'grade': 3}, {'id': '02-24-00305', 'grade': 2}, {'id': '02-24-00202', 'grade': 0}]",2.4761904761904763,"['AI', 'Data']"
36,7,"['02-24-00106', '02-24-00302', '02-24-00107', '02-24-00105', '02-24-00201', '02-24-00206', '02-24-01306', '02-24-00101', '02-24-00203', '02-24-01305', '02-24-01301', '02-24-01403', '02-24-00104', '02-24-00102', '02-24-00110', '02-24-00108', '02-24-00305', '02-24-00301', '02-24-01302']","[{'id': '02-24-00106', 'grade': 4}, {'id': '02-24-00302', 'grade': 3}, {'id': '02-24-00107', 'grade': 2}, {'id': '02-24-00105', 'grade': 1}, {'id': '02-24-00201', 'grade': 1}, {'id': '02-24-00206', 'grade': 4}, {'id': '02-24-01306', 'grade': 2}, {'id': '02-24-00101', 'grade': 1}, {'id': '02-24-00203', 'grade': 3}, {'id': '02-24-01305', 'grade': 3}, {'id': '02-24-01301', 'grade': 3}, {'id': '02-24-01403', 'grade': 3}, {'id': '02-24-00104', 'grade': 3}, {'id': '02-24-00305', 'grade': 0}, {'id': '02-24-00102', 'grade': 3}, {'id': '02-24-00110', 'grade': 4}, {'id': '02-24-00108', 'grade': 2}, {'id': '02-24-01412', 'grade': 0}, {'id': '02-24-00305', 'grade': 3}, {'id': '02-24-00301', 'grade': 1}, {'id': '02-24-01302', 'grade': 4}]",2.380952380952381,"['AI', 'Software']"
37,7,"['02-24-00102', '02-24-00101', '02-24-00103', '02-24-00106', '02-24-00107', '02-24-00201', '02-24-00109', '02-24-00203', '02-24-01412', '02-24-01306', '02-24-00205', '02-24-01302', '02-24-01305', '02-24-00105', '02-24-01301', '02-24-00305', '02-24-00108', '02-24-00110', '02-24-01402', '02-24-01411', '02-24-00206', '02-24-01413', '02-24-01204', '02-24-00104', '02-24-00202']","[{'id': '02-24-00102', 'grade': 1}, {'id': '02-24-00101', 'grade': 4}, {'id': '02-24-00107', 'grade': 0}, {'id': '02-24-00103', 'grade': 2}, {'id': '02-24-00106', 'grade': 2}, {'id': '02-24-00107', 'grade': 1}, {'id': '02-24-00201', 'grade': 2}, {'id': '02-24-00109', 'grade': 2}, {'id': '02-24-00203', 'grade': 3}, {'id': '02-24-01412', 'grade': 4}, {'id': '02-24-01306', 'grade': 4}, {'id': '02-24-00205', 'grade': 2}, {'id': '02-24-01302', 'grade': 3}, {'id': '02-24-00105', 'grade': 0}, {'id': '02-24-01305', 'grade': 4}, {'id': '02-24-00105', 'grade': 1}, {'id': '02-24-00305', 'grade': 0}, {'id': '02-24-00306', 'grade': 0}, {'id': '02-24-01301', 'grade': 2}, {'id': '02-24-00305', 'grade': 4}, {'id': '02-24-00108', 'grade': 3}, {'id': '02-24-00110', 'grade': 1}, {'id': '02-24-01402', 'grade': 1}, {'id': '02-24-01411', 'grade': 4}, {'id': '02-24-00206', 'grade': 4}, {'id': '02-24-01413', 'grade': 4}, {'id': '02-24-01204', 'grade': 2}, {'id': '02-24-00104', 'grade': 4}, {'id': '02-24-00202', 'grade': 2}]",2.2758620689655173,"['Data', 'AI', 'Software']"
38,3,"['02-24-00102', '02-24-00302', '02-24-00106', '02-24-00107', '02-24-00104', '02-24-01201', '02-24-00201', '02-24-01302', '02-24-00206']","[{'id': '02-24-00102', 'grade': 3}, {'id': '02-24-00302', 'grade': 3}, {'id': '02-24-00106', 'grade': 4}, {'id': '02-24-00107', 'grade': 3}, {'id': '02-24-00104', 'grade': 1}, {'id': '02-24-01201', 'grade': 3}, {'id': '02-24-00201', 'grade': 1}, {'id': '02-24-01302', 'grade': 3}, {'id': '02-24-00206', 'grade': 3}, {'id': '02-24-00103', 'grade': 0}]",2.4,['Software']
39,1,['02-24-00106'],"[{'id': '02-24-00107', 'grade': 0}, {'id': '02-24-00101', 'grade': 0}, {'id': '02-24-00106', 'grade': 3}]",1.0,"['Data', 'Software', 'AI']"
40,4,"['02-24-00302', '02-24-00104', '02-24-00105', '02-24-00106', '02-24-00306', '02-24-00103', '02-24-00305', '02-24-00107', '02-24-00308', '02-24-00110']","[{'id': '02-24-00302', 'grade': 2}, {'id': '02-24-00104', 'grade': 4}, {'id': '02-24-00106', 'grade': 0}, {'id': '02-24-00105', 'grade': 4}, {'id': '02-24-00106', 'grade': 1}, {'id': '02-24-00306', 'grade': 3}, {'id': '02-24-00305', 'grade': 0}, {'id': '02-24-00103', 'grade': 1}, {'id': '02-24-00305', 'grade': 4}, {'id': '02-24-00107', 'grade': 2}, {'id': '02-24-00308', 'grade': 1}, {'id': '02-24-00110', 'grade': 2}, {'id': '02-24-00202', 'grade': 0}]",1.8461538461538463,"['Software', 'AI']"
41,3,"['02-24-00106', '02-24-00104', '02-24-00105', '02-24-00107', '02-24-00305', '02-24-00306', '02-24-00302', '02-24-00103', '02-24-00202', '02-24-01416', '02-24-00109']","[{'id': '02-24-00106', 'grade': 4}, {'id': '02-24-00104', 'grade': 4}, {'id': '02-24-00105', 'grade': 1}, {'id': '02-24-00107', 'grade': 2}, {'id': '02-24-00305', 'grade': 2}, {'id': '02-24-00306', 'grade': 3}, {'id': '02-24-00302', 'grade': 2}, {'id': '02-24-00103', 'grade': 3}, {'id': '02-24-00202', 'grade': 3}, {'id': '02-24-01416', 'grade': 3}, {'id': '02-24-00109', 'grade': 4}]",2.8181818181818183,"['Data', 'Software']"
42,7,"['02-24-00102', '02-24-01201', '02-24-00105', '02-24-00106', '02-24-00306', '02-24-00104', '02-24-00202', '02-24-01202', '02-24-00201', '02-24-00107', '02-24-01204', '02-24-01416', '02-24-01302', '02-24-01412', '02-24-00101', '02-24-00103', '02-24-00307', '02-24-01306', '02-24-01301', '02-24-00108', '02-24-01414', '02-24-01413', '02-24-00304', '02-24-00305', '02-24-00203', '02-24-01203', '02-24-01409', '02-24-01411', '02-24-01415', '02-24-00308', '02-24-01403']","[{'id': '02-24-00102', 'grade': 3}, {'id': '02-24-01201', 'grade': 4}, {'id': '02-24-00105', 'grade': 3}, {'id': '02-24-00106', 'grade': 1}, {'id': '02-24-00306', 'grade': 3}, {'id': '02-24-00104', 'grade': 3}, {'id': '02-24-00202', 'grade': 1}, {'id': '02-24-01202', 'grade': 2}, {'id': '02-24-00201', 'grade': 1}, {'id': '02-24-00107', 'grade': 1}, {'id': '02-24-01204', 'grade': 2}, {'id': '02-24-01416', 'grade': 1}, {'id': '02-24-01302', 'grade': 3}, {'id': '02-24-01412', 'grade': 2}, {'id': '02-24-00101', 'grade': 1}, {'id': '02-24-00103', 'grade': 3}, {'id': '02-24-00307', 'grade': 4}, {'id': '02-24-01306', 'grade': 3}, {'id': '02-24-01301', 'grade': 3}, {'id': '02-24-00108', 'grade': 2}, {'id': '02-24-01402', 'grade': 0}, {'id': '02-24-01414', 'grade': 1}, {'id': '02-24-01413', 'grade': 3}, {'id': '02-24-00304', 'grade': 1}, {'id': '02-24-00305', 'grade': 3}, {'id': '02-24-00203', 'grade': 2}, {'id': '02-24-01203', 'grade': 3}, {'id': '02-24-01409', 'grade': 1}, {'id': '02-24-01411', 'grade': 3}, {'id': '02-24-01415', 'grade': 3}, {'id': '02-24-00308', 'grade': 2}, {'id': '02-24-01403', 'grade': 1}, {'id': '02-24-00302', 'grade': 0}]",2.090909090909091,"['Software', 'Data']"
43,5,"['02-24-00101', '02-24-00106', '02-24-00107', '02-24-00302', '02-24-00105', '02-24-00306', '02-24-00102', '02-24-00103', '02-24-01201', '02-24-00108', '02-24-00201', '02-24-00110', '02-24-00206', '02-24-01302', '02-24-00307', '02-24-00303', '02-24-01414', '02-24-01204', '02-24-00305', '02-24-01412', '02-24-01411']","[{'id': '02-24-00101', 'grade': 1}, {'id': '02-24-00106', 'grade': 1}, {'id': '02-24-00107', 'grade': 1}, {'id': '02-24-00302', 'grade': 3}, {'id': '02-24-00105', 'grade': 1}, {'id': '02-24-00306', 'grade': 4}, {'id': '02-24-00102', 'grade': 3}, {'id': '02-24-00103', 'grade': 4}, {'id': '02-24-01201', 'grade': 2}, {'id': '02-24-00108', 'grade': 4}, {'id': '02-24-00201', 'grade': 2}, {'id': '02-24-00110', 'grade': 3}, {'id': '02-24-00206', 'grade': 1}, {'id': '02-24-01302', 'grade': 1}, {'id': '02-24-00307', 'grade': 1}, {'id': '02-24-00303', 'grade': 1}, {'id': '02-24-01414', 'grade': 2}, {'id': '02-24-01204', 'grade': 2}, {'id': '02-24-00305', 'grade': 3}, {'id': '02-24-01412', 'grade': 4}, {'id': '02-24-01411', 'grade': 2}]",2.1904761904761907,"['AI', 'Data']"
44,1,['02-24-00103'],"[{'id': '02-24-00103', 'grade': 0}, {'id': '02-24-00101', 'grade': 0}, {'id': '02-24-00103', 'grade': 3}]",1.0,"['Data', 'Software', 'AI']"
45,7,"['02-24-00107', '02-24-00302', '02-24-00104', '02-24-00105', '02-24-01202', '02-24-00103', '02-24-00106', '02-24-00108', '02-24-01403', '02-24-00307', '02-24-00304', '02-24-00306', '02-24-00204', '02-24-00110', '02-24-00202', '02-24-00101', '02-24-01414', '02-24-01413', '02-24-00109', '02-24-00102', '02-24-00201', '02-24-01305', '02-24-01302', '02-24-01415', '02-24-01416', '02-24-01203', '02-24-00301', '02-24-00203']","[{'id': '02-24-00107', 'grade': 2}, {'id': '02-24-00302', 'grade': 4}, {'id': '02-24-00104', 'grade': 4}, {'id': '02-24-00105', 'grade': 1}, {'id': '02-24-01202', 'grade': 4}, {'id': '02-24-00103', 'grade': 2}, {'id': '02-24-00106', 'grade': 4}, {'id': '02-24-00108', 'grade': 4}, {'id': '02-24-01403', 'grade': 1}, {'id': '02-24-00307', 'grade': 2}, {'id': '02-24-00304', 'grade': 3}, {'id': '02-24-00306', 'grade': 1}, {'id': '02-24-00204', 'grade': 2}, {'id': '02-24-00202', 'grade': 0}, {'id': '02-24-00110', 'grade': 2}, {'id': '02-24-00202', 'grade': 3}, {'id': '02-24-01415', 'grade': 0}, {'id': '02-24-00101', 'grade': 3}, {'id': '02-24-01414', 'grade': 1}, {'id': '02-24-01413', 'grade': 3}, {'id': '02-24-00109', 'grade': 3}, {'id': '02-24-00102', 'grade': 2}, {'id': '02-24-00201', 'grade': 1}, {'id': '02-24-01305', 'grade': 2}, {'id': '02-24-01302', 'grade': 3}, {'id': '02-24-01415', 'grade': 3}, {'id': '02-24-01416', 'grade': 1}, {'id': '02-24-01203', 'grade': 2}, {'id': '02-24-00301', 'grade': 1}, {'id': '02-24-00203', 'grade': 4}, {'id': '02-24-00205', 'grade': 0}]",2.193548387096774,"['AI', 'Data', 'Software']"
46,7,"['02-24-00102', '02-24-00103', '02-24-01201', '02-24-00107', '02-24-00101', '02-24-00203', '02-24-00302', '02-24-00106', '02-24-00109', '02-24-00205', '02-24-00201', '02-24-01409', '02-24-01305', '02-24-01306', '02-24-01302', '02-24-01412', '02-24-00104', '02-24-00206', '02-24-01301', '02-24-00105', '02-24-01402', '02-24-00308', '02-24-01304', '02-24-01405', '02-24-00108', '02-24-01204', '02-24-00305']","[{'id': '02-24-00102', 'grade': 3}, {'id': '02-24-00103', 'grade': 2}, {'id': '02-24-01201', 'grade': 3}, {'id': '02-24-00107', 'grade': 1}, {'id': '02-24-00101', 'grade': 1}, {'id': '02-24-00104', 'grade': 0}, {'id': '02-24-00203', 'grade': 4}, {'id': '02-24-00302', 'grade': 1}, {'id': '02-24-00109', 'grade': 0}, {'id': '02-24-00106', 'grade': 4}, {'id': '02-24-00109', 'grade': 2}, {'id': '02-24-00205', 'grade': 1}, {'id': '02-24-00201', 'grade': 3}, {'id': '02-24-01409', 'grade': 3}, {'id': '02-24-01305', 'grade': 3}, {'id': '02-24-01306', 'grade': 4}, {'id': '02-24-01302', 'grade': 1}, {'id': '02-24-01412', 'grade': 1}, {'id': '02-24-00104', 'grade': 3}, {'id': '02-24-00206', 'grade': 2}, {'id': '02-24-01301', 'grade': 2}, {'id': '02-24-00105', 'grade': 3}, {'id': '02-24-01402', 'grade': 4}, {'id': '02-24-01405', 'grade': 0}, {'id': '02-24-00308', 'grade': 4}, {'id': '02-24-01304', 'grade': 1}, {'id': '02-24-01405', 'grade': 3}, {'id': '02-24-00108', 'grade': 2}, {'id': '02-24-01204', 'grade': 1}, {'id': '02-24-00305', 'grade': 1}]",2.1,['Data']
47,4,"['02-24-00101', '02-24-00102', '02-24-00105', '02-24-00103', '02-24-00110', '02-24-00108', '02-24-00307', '02-24-00202', '02-24-00306', '02-24-00204', '02-24-01416']","[{'id': '02-24-00101', 'grade': 4}, {'id': '02-24-00102', 'grade': 4}, {'id': '02-24-00105', 'grade': 1}, {'id': '02-24-00103', 'grade': 0}, {'id': '02-24-00103', 'grade': 3}, {'id': '02-24-00110', 'grade': 2}, {'id': '02-24-00306', 'grade': 0}, {'id': '02-24-00108', 'grade': 1}, {'id': '02-24-00307', 'grade': 2}, {'id': '02-24-00204', 'grade': 0}, {'id': '02-24-00202', 'grade': 2}, {'id': '02-24-00306', 'grade': 3}, {'id': '02-24-00204', 'grade': 2}, {'id': '02-24-01416', 'grade': 2}]",1.8571428571428572,['Software']
48,4,"['02-24-00106', '02-24-00105', '02-24-00302', '02-24-00102', '02-24-00103', '02-24-00306', '02-24-00109', '02-24-00201', '02-24-01305', '02-24-01201', '02-24-00305']","[{'id': '02-24-00106', 'grade': 1}, {'id': '02-24-00105', 'grade': 4}, {'id': '02-24-00302', 'grade': 4}, {'id': '02-24-00103', 'grade': 0}, {'id': '02-24-00102', 'grade': 4}, {'id': '02-24-00103', 'grade': 3}, {'id': '02-24-00306', 'grade': 3}, {'id': '02-24-00109', 'grade': 2}, {'id': '02-24-00110', 'grade': 0}, {'id': '02-24-00201', 'grade': 1}, {'id': '02-24-01305', 'grade': 1}, {'id': '02-24-01201', 'grade': 2}, {'id': '02-24-00305', 'grade': 3}]",2.1538461538461537,"['Software', 'Data', 'AI']"
49,5,"['02-24-00302', '02-24-00103', '02-24-00102', '02-24-00109', '02-24-00105', '02-24-00205', '02-24-00104', '02-24-00108', '02-24-00202', '02-24-01414', '02-24-00101', '02-24-00306', '02-24-00308', '02-24-00203', '02-24-01415', '02-24-01202']","[{'id': '02-24-00302', 'grade': 3}, {'id': '02-24-00103', 'grade': 2}, {'id': '02-24-00102', 'grade': 3}, {'id': '02-24-00109', 'grade': 3}, {'id': '02-24-00105', 'grade': 3}, {'id': '02-24-00205', 'grade': 1}, {'id': '02-24-00104', 'grade': 3}, {'id': '02-24-00108', 'grade': 4}, {'id': '02-24-00202', 'grade': 4}, {'id': '02-24-01414', 'grade': 4}, {'id': '02-24-00101', 'grade': 1}, {'id': '02-24-00306', 'grade': 2}, {'id': '02-24-00308', 'grade': 1}, {'id': '02-24-00203', 'grade': 1}, {'id': '02-24-01415', 'grade': 4}, {'id': '02-24-01202', 'grade': 4}]",2.6875,['AI']
50,3,"['02-24-00107', '02-24-00106', '02-24-00302', '02-24-00201', '02-24-01306', '02-24-01412', '02-24-01302', '02-24-00105', '02-24-00101', '02-24-01301', '02-24-00102']","[{'id': '02-24-00107', 'grade': 2}, {'id': '02-24-00302', 'grade': 0}, {'id': '02-24-00106', 'grade': 2}, {'id': '02-24-00302', 'grade': 3}, {'id': '02-24-00201', 'grade': 1}, {'id': '02-24-01306', 'grade': 1}, {'id': '02-24-01412', 'grade': 3}, {'id': '02-24-01302', 'grade': 3}, {'id': '02-24-00105', 'grade': 4}, {'id': '02-24-00101', 'grade': 2}, {'id': '02-24-01301', 'grade': 3}, {'id': '02-24-00102', 'grade': 2}]",2.1666666666666665,"['Software', 'Data']"
51,6,"['02-24-00106', '02-24-00102', '02-24-00107', '02-24-00201', '02-24-01204', '02-24-00104', '02-24-00302', '02-24-01411', '02-24-00101', '02-24-01306', '02-24-01202', '02-24-01305', '02-24-01402', '02-24-01412', '02-24-00203', '02-24-01201']","[{'id': '02-24-00106', 'grade': 3}, {'id': '02-24-00102', 'grade': 1}, {'id': '02-24-00107', 'grade': 3}, {'id': '02-24-00201', 'grade': 2}, {'id': '02-24-01204', 'grade': 4}, {'id': '02-24-00104', 'grade': 2}, {'id': '02-24-00302', 'grade': 3}, {'id': '02-24-01411', 'grade': 1}, {'id': '02-24-00101', 'grade': 3}, {'id': '02-24-00203', 'grade': 0}, {'id': '02-24-01306', 'grade': 2}, {'id': '02-24-01202', 'grade': 1}, {'id': '02-24-01305', 'grade': 3}, {'id': '02-24-01402', 'grade': 2}, {'id': '02-24-01412', 'grade': 1}, {'id': '02-24-00203', 'grade': 3}, {'id': '02-24-00206', 'grade': 0}, {'id': '02-24-01301', 'grade': 0}, {'id': '02-24-01201', 'grade': 4}]",2.0,"['Software', 'AI']"
52,7,"['02-24-00106', '02-24-00201', '02-24-00302', '02-24-00107', '02-24-00104', '02-24-01402', '02-24-00101', '02-24-01302', '02-24-01411', '02-24-00206', '02-24-00102', '02-24-01305', '02-24-00105', '02-24-01301', '02-24-00306', '02-24-01202', '02-24-00110', '02-24-00305', '02-24-01201', '02-24-00301', '02-24-01403', '02-24-01306', '02-24-00203', '02-24-00202', '02-24-00103', '02-24-01203', '02-24-00308']","[{'id': '02-24-00106', 'grade': 3}, {'id': '02-24-00201', 'grade': 1}, {'id': '02-24-00302', 'grade': 4}, {'id': '02-24-00107', 'grade': 4}, {'id': '02-24-00104', 'grade': 4}, {'id': '02-24-01402', 'grade': 3}, {'id': '02-24-00101', 'grade': 4}, {'id': '02-24-01302', 'grade': 3}, {'id': '02-24-01411', 'grade': 2}, {'id': '02-24-00206', 'grade': 3}, {'id': '02-24-00102', 'grade': 3}, {'id': '02-24-01305', 'grade': 1}, {'id': '02-24-00105', 'grade': 4}, {'id': '02-24-01301', 'grade': 1}, {'id': '02-24-00306', 'grade': 4}, {'id': '02-24-01202', 'grade': 2}, {'id': '02-24-00103', 'grade': 0}, {'id': '02-24-00110', 'grade': 2}, {'id': '02-24-00305', 'grade': 3}, {'id': '02-24-01201', 'grade': 1}, {'id': '02-24-00301', 'grade': 2}, {'id': '02-24-01403', 'grade': 2}, {'id': '02-24-01306', 'grade': 2}, {'id': '02-24-00203', 'grade': 2}, {'id': '02-24-00202', 'grade': 1}, {'id': '02-24-00103', 'grade': 4}, {'id': '02-24-01203', 'grade': 1}, {'id': '02-24-00308', 'grade': 3}]",2.4642857142857144,"['Data', 'Software']"
53,4,"['02-24-00101', '02-24-00105', '02-24-00306', '02-24-00104', '02-24-00110', '02-24-00107', '02-24-00102', '02-24-01202', '02-24-00108', '02-24-01201', '02-24-00301', '02-24-01410']","[{'id': '02-24-00101', 'grade': 2}, {'id': '02-24-00105', 'grade': 1}, {'id': '02-24-00306', 'grade': 2}, {'id': '02-24-00104', 'grade': 4}, {'id': '02-24-00110', 'grade': 1}, {'id': '02-24-00107', 'grade': 2}, {'id': '02-24-00102', 'grade': 3}, {'id': '02-24-01202', 'grade': 3}, {'id': '02-24-00108', 'grade': 1}, {'id': '02-24-01201', 'grade': 2}, {'id': '02-24-00301', 'grade': 3}, {'id': '02-24-01410', 'grade': 1}]",2.0833333333333335,"['AI', 'Data']"
54,6,"['02-24-00103', '02-24-00109', '02-24-00105', '02-24-00108', '02-24-00107', '02-24-00202', '02-24-01413', '02-24-00308', '02-24-00307', '02-24-01416', '02-24-00306', '02-24-00204', '02-24-00104', '02-24-00106', '02-24-01403', '02-24-00201', '02-24-00102', '02-24-00110', '02-24-01412', '02-24-00101', '02-24-01204']","[{'id': '02-24-00103', 'grade': 1}, {'id': '02-24-00109', 'grade': 2}, {'id': '02-24-00105', 'grade': 1}, {'id': '02-24-00108', 'grade': 3}, {'id': '02-24-00107', 'grade': 2}, {'id': '02-24-00202', 'grade': 4}, {'id': '02-24-00303', 'grade': 0}, {'id': '02-24-01413', 'grade': 3}, {'id': '02-24-00308', 'grade': 4}, {'id': '02-24-00307', 'grade': 4}, {'id': '02-24-01415', 'grade': 0}, {'id': '02-24-01416', 'grade': 3}, {'id': '02-24-00306', 'grade': 3}, {'id': '02-24-00204', 'grade': 2}, {'id': '02-24-00104', 'grade': 1}, {'id': '02-24-00106', 'grade': 1}, {'id': '02-24-01403', 'grade': 1}, {'id': '02-24-00201', 'grade': 2}, {'id': '02-24-00102', 'grade': 3}, {'id': '02-24-00110', 'grade': 2}, {'id': '02-24-01412', 'grade': 4}, {'id': '02-24-00101', 'grade': 3}, {'id': '02-24-01204', 'grade': 4}]",2.3043478260869565,"['AI', 'Software']"
55,6,"['02-24-00106', '02-24-00105', '02-24-00103', '02-24-00109', '02-24-00306', '02-24-00102', '02-24-00305', '02-24-00201', '02-24-01306', '02-24-00302', '02-24-00107', '02-24-01201', '02-24-00205', '02-24-00108', '02-24-00104', '02-24-01204', '02-24-00307', '02-24-00101', '02-24-01411', '02-24-01403', '02-24-00203', '02-24-01302', '02-24-01410', '02-24-00202', '02-24-01402']","[{'id': '02-24-00106', 'grade': 1}, {'id': '02-24-00105', 'grade': 4}, {'id': '02-24-00103', 'grade': 4}, {'id': '02-24-00109', 'grade': 4}, {'id': '02-24-00306', 'grade': 3}, {'id': '02-24-00102', 'grade': 3}, {'id': '02-24-00305', 'grade': 4}, {'id': '02-24-00201', 'grade': 4}, {'id': '02-24-01306', 'grade': 2}, {'id': '02-24-00302', 'grade': 2}, {'id': '02-24-00107', 'grade': 2}, {'id': '02-24-01201', 'grade': 4}, {'id': '02-24-00205', 'grade': 3}, {'id': '02-24-00108', 'grade': 4}, {'id': '02-24-00104', 'grade': 2}, {'id': '02-24-01204', 'grade': 2}, {'id': '02-24-00307', 'grade': 1}, {'id': '02-24-00101', 'grade': 2}, {'id': '02-24-01411', 'grade': 3}, {'id': '02-24-01403', 'grade': 3}, {'id': '02-24-00203', 'grade': 3}, {'id': '02-24-01302', 'grade': 4}, {'id': '02-24-01410', 'grade': 3}, {'id': '02-24-00202', 'grade': 1}, {'id': '02-24-01402', 'grade': 4}, {'id': '02-24-01414', 'grade': 0}]",2.769230769230769,"['Software', 'Data', 'AI']"
56,2,"['02-24-00101', '02-24-00106', '02-24-00302', '02-24-00105', '02-24-00104', '02-24-00305', '02-24-00202', '02-24-00203', '02-24-01416', '02-24-00201']","[{'id': '02-24-00101', 'grade': 1}, {'id': '02-24-00106', 'grade': 3}, {'id': '02-24-00302', 'grade': 4}, {'id': '02-24-00105', 'grade': 4}, {'id': '02-24-00104', 'grade': 4}, {'id': '02-24-00305', 'grade': 2}, {'id': '02-24-00202', 'grade': 3}, {'id': '02-24-00203', 'grade': 2}, {'id': '02-24-01416', 'grade': 2}, {'id': '02-24-00201', 'grade': 4}]",2.9,['Data']
57,4,"['02-24-00103', '02-24-00102', '02-24-00101', '02-24-00109', '02-24-01201', '02-24-00107', '02-24-00104', '02-24-00205', '02-24-00203', '02-24-01409', '02-24-00302', '02-24-00106', '02-24-00105']","[{'id': '02-24-00103', 'grade': 1}, {'id': '02-24-00102', 'grade': 1}, {'id': '02-24-00101', 'grade': 3}, {'id': '02-24-00109', 'grade': 3}, {'id': '02-24-01201', 'grade': 1}, {'id': '02-24-00203', 'grade': 0}, {'id': '02-24-00107', 'grade': 2}, {'id': '02-24-00104', 'grade': 1}, {'id': '02-24-00205', 'grade': 3}, {'id': '02-24-00203', 'grade': 3}, {'id': '02-24-01409', 'grade': 2}, {'id': '02-24-00302', 'grade': 3}, {'id': '02-24-00106', 'grade': 3}, {'id': '02-24-00105', 'grade': 1}]",1.9285714285714286,['Data']
58,2,"['02-24-00104', '02-24-00106', '02-24-00201', '02-24-00102', '02-24-01411', '02-24-01201', '02-24-01412', '02-24-00206', '02-24-01202']","[{'id': '02-24-00104', 'grade': 1}, {'id': '02-24-00106', 'grade': 3}, {'id': '02-24-00201', 'grade': 4}, {'id': '02-24-00102', 'grade': 3}, {'id': '02-24-00206', 'grade': 0}, {'id': '02-24-01411', 'grade': 2}, {'id': '02-24-01201', 'grade': 3}, {'id': '02-24-01412', 'grade': 3}, {'id': '02-24-00206', 'grade': 1}, {'id': '02-24-01202', 'grade': 3}]",2.3,"['Software', 'AI']"
59,5,"['02-24-00102', '02-24-00105', '02-24-01201', '02-24-00107', '02-24-00202', '02-24-00103', '02-24-00104', '02-24-00302', '02-24-00308', '02-24-01416', '02-24-00106', '02-24-00108', '02-24-00303', '02-24-01403', '02-24-00109']","[{'id': '02-24-00103', 'grade': 0}, {'id': '02-24-00102', 'grade': 2}, {'id': '02-24-00105', 'grade': 2}, {'id': '02-24-01201', 'grade': 3}, {'id': '02-24-00107', 'grade': 2}, {'id': '02-24-00202', 'grade': 3}, {'id': '02-24-01415', 'grade': 0}, {'id': '02-24-00104', 'grade': 0}, {'id': '02-24-00103', 'grade': 4}, {'id': '02-24-00104', 'grade': 1}, {'id': '02-24-00302', 'grade': 3}, {'id': '02-24-00109', 'grade': 0}, {'id': '02-24-00308', 'grade': 2}, {'id': '02-24-01416', 'grade': 4}, {'id': '02-24-00106', 'grade': 3}, {'id': '02-24-00108', 'grade': 4}, {'id': '02-24-00303', 'grade': 1}, {'id': '02-24-01403', 'grade': 3}, {'id': '02-24-00109', 'grade': 1}]",2.0,['Data']
60,6,"['02-24-00302', '02-24-00102', '02-24-00107', '02-24-00104', '02-24-00103', '02-24-00109', '02-24-00101', '02-24-00106', '02-24-01202', '02-24-00205', '02-24-00203', '02-24-00201', '02-24-01302', '02-24-01204', '02-24-01301', '02-24-01306']","[{'id': '02-24-00302', 'grade': 4}, {'id': '02-24-00102', 'grade': 3}, {'id': '02-24-00101', 'grade': 0}, {'id': '02-24-00107', 'grade': 1}, {'id': '02-24-00104', 'grade': 3}, {'id': '02-24-00103', 'grade': 3}, {'id': '02-24-00109', 'grade': 3}, {'id': '02-24-00101', 'grade': 4}, {'id': '02-24-00106', 'grade': 3}, {'id': '02-24-01202', 'grade': 1}, {'id': '02-24-00205', 'grade': 4}, {'id': '02-24-00203', 'grade': 3}, {'id': '02-24-00201', 'grade': 3}, {'id': '02-24-01302', 'grade': 2}, {'id': '02-24-01204', 'grade': 3}, {'id': '02-24-01301', 'grade': 1}, {'id': '02-24-00206', 'grade': 0}, {'id': '02-24-01306', 'grade': 4}]",2.5,"['Software', 'Data']"
61,7,"['02-24-00104', '02-24-00302', '02-24-00105', '02-24-01202', '02-24-00103', '02-24-00305', '02-24-00106', '02-24-00306', '02-24-00308', '02-24-00108', '02-24-00109', '02-24-00202', '02-24-00102', '02-24-01201', '02-24-00110', '02-24-00204', '02-24-00201', '02-24-00303', '02-24-01411', '02-24-01203', '02-24-01415', '02-24-00205', '02-24-01413', '02-24-00304', '02-24-00301', '02-24-01416']","[{'id': '02-24-00104', 'grade': 3}, {'id': '02-24-00302', 'grade': 2}, {'id': '02-24-00105', 'grade': 2}, {'id': '02-24-01202', 'grade': 3}, {'id': '02-24-00103', 'grade': 4}, {'id': '02-24-00305', 'grade': 4}, {'id': '02-24-00106', 'grade': 4}, {'id': '02-24-00306', 'grade': 3}, {'id': '02-24-00308', 'grade': 3}, {'id': '02-24-00108', 'grade': 4}, {'id': '02-24-00109', 'grade': 2}, {'id': '02-24-00202', 'grade': 2}, {'id': '02-24-00102', 'grade': 2}, {'id': '02-24-01201', 'grade': 3}, {'id': '02-24-00110', 'grade': 1}, {'id': '02-24-00204', 'grade': 3}, {'id': '02-24-00201', 'grade': 4}, {'id': '02-24-00303', 'grade': 2}, {'id': '02-24-01411', 'grade': 4}, {'id': '02-24-01203', 'grade': 4}, {'id': '02-24-01415', 'grade': 2}, {'id': '02-24-00205', 'grade': 4}, {'id': '02-24-01413', 'grade': 3}, {'id': '02-24-00304', 'grade': 3}, {'id': '02-24-00301', 'grade': 2}, {'id': '02-24-01416', 'grade': 3}]",2.923076923076923,"['AI', 'Software', 'Data']"
62,4,"['02-24-00101', '02-24-00103', '02-24-00109', '02-24-00102', '02-24-01201', '02-24-00302', '02-24-00205', '02-24-00107', '02-24-00203', '02-24-00105', '02-24-00104', '02-24-01202', '02-24-00308', '02-24-00306', '02-24-00108', '02-24-00204', '02-24-00305']","[{'id': '02-24-00101', 'grade': 3}, {'id': '02-24-00103', 'grade': 4}, {'id': '02-24-00109', 'grade': 3}, {'id': '02-24-00102', 'grade': 3}, {'id': '02-24-01201', 'grade': 4}, {'id': '02-24-00302', 'grade': 3}, {'id': '02-24-00205', 'grade': 1}, {'id': '02-24-00107', 'grade': 2}, {'id': '02-24-00203', 'grade': 3}, {'id': '02-24-00105', 'grade': 1}, {'id': '02-24-00104', 'grade': 4}, {'id': '02-24-01202', 'grade': 3}, {'id': '02-24-00308', 'grade': 3}, {'id': '02-24-00306', 'grade': 3}, {'id': '02-24-00108', 'grade': 3}, {'id': '02-24-00204', 'grade': 1}, {'id': '02-24-00305', 'grade': 2}]",2.7058823529411766,"['Data', 'Software']"
63,5,"['02-24-00102', '02-24-00106', '02-24-00103', '02-24-00109', '02-24-00302', '02-24-00107', '02-24-00105', '02-24-00202', '02-24-01201', '02-24-00104', '02-24-00308', '02-24-00110']","[{'id': '02-24-00102', 'grade': 4}, {'id': '02-24-00106', 'grade': 2}, {'id': '02-24-00103', 'grade': 2}, {'id': '02-24-00101', 'grade': 0}, {'id': '02-24-01201', 'grade': 0}, {'id': '02-24-00109', 'grade': 3}, {'id': '02-24-00302', 'grade': 1}, {'id': '02-24-00107', 'grade': 3}, {'id': '02-24-00105', 'grade': 2}, {'id': '02-24-00202', 'grade': 2}, {'id': '02-24-01201', 'grade': 4}, {'id': '02-24-00104', 'grade': 4}, {'id': '02-24-00308', 'grade': 0}, {'id': '02-24-00308', 'grade': 1}, {'id': '02-24-00110', 'grade': 1}]",1.9333333333333333,"['AI', 'Data']"
64,3,"['02-24-00107', '02-24-00106', '02-24-00105', '02-24-00110', '02-24-00108', '02-24-01413', '02-24-00305', '02-24-00201']","[{'id': '02-24-00107', 'grade': 1}, {'id': '02-24-00106', 'grade': 1}, {'id': '02-24-00105', 'grade': 2}, {'id': '02-24-00110', 'grade': 2}, {'id': '02-24-00108', 'grade': 3}, {'id': '02-24-00201', 'grade': 0}, {'id': '02-24-00104', 'grade': 0}, {'id': '02-24-01413', 'grade': 2}, {'id': '02-24-00305', 'grade': 3}, {'id': '02-24-00201', 'grade': 4}]",1.8,"['AI', 'Software', 'Data']"
65,5,"['02-24-00101', '02-24-00103', '02-24-00302', '02-24-00107', '02-24-00105', '02-24-00110', '02-24-00202', '02-24-01415', '02-24-00301', '02-24-01416', '02-24-00308', '02-24-00305', '02-24-00306', '02-24-00104', '02-24-01202', '02-24-00307', '02-24-00203', '02-24-00106']","[{'id': '02-24-00101', 'grade': 2}, {'id': '02-24-00103', 'grade': 2}, {'id': '02-24-00104', 'grade': 0}, {'id': '02-24-00302', 'grade': 4}, {'id': '02-24-00107', 'grade': 3}, {'id': '02-24-00105', 'grade': 1}, {'id': '02-24-00110', 'grade': 1}, {'id': '02-24-00202', 'grade': 1}, {'id': '02-24-01415', 'grade': 3}, {'id': '02-24-00301', 'grade': 1}, {'id': '02-24-01416', 'grade': 1}, {'id': '02-24-00308', 'grade': 1}, {'id': '02-24-00305', 'grade': 1}, {'id': '02-24-00306', 'grade': 4}, {'id': '02-24-00104', 'grade': 2}, {'id': '02-24-01202', 'grade': 2}, {'id': '02-24-00307', 'grade': 2}, {'id': '02-24-00203', 'grade': 3}, {'id': '02-24-00106', 'grade': 1}]",1.8421052631578947,['Data']
66,3,"['02-24-00107', '02-24-00103', '02-24-00101', '02-24-00302', '02-24-00203', '02-24-00104', '02-24-01202', '02-24-00109', '02-24-00205', '02-24-00106', '02-24-00201', '02-24-01302']","[{'id': '02-24-00107', 'grade': 2}, {'id': '02-24-00103', 'grade': 3}, {'id': '02-24-00101', 'grade': 3}, {'id': '02-24-00302', 'grade': 4}, {'id': '02-24-00203', 'grade': 2}, {'id': '02-24-00104', 'grade': 0}, {'id': '02-24-00104', 'grade': 3}, {'id': '02-24-01202', 'grade': 3}, {'id': '02-24-00109', 'grade': 3}, {'id': '02-24-00205', 'grade': 3}, {'id': '02-24-00106', 'grade': 1}, {'id': '02-24-00201', 'grade': 2}, {'id': '02-24-01302', 'grade': 1}]",2.3076923076923075,['AI']
67,4,"['02-24-00101', '02-24-00103', '02-24-00102', '02-24-00203', '02-24-00107', '02-24-00109', '02-24-00105', '02-24-01201', '02-24-00106', '02-24-00108', '02-24-01403', '02-24-01409', '02-24-00204', '02-24-00110', '02-24-00302', '02-24-00305']","[{'id': '02-24-00101', 'grade': 2}, {'id': '02-24-00103', 'grade': 1}, {'id': '02-24-00102', 'grade': 2}, {'id': '02-24-00203', 'grade': 3}, {'id': '02-24-00107', 'grade': 1}, {'id': '02-24-00109', 'grade': 4}, {'id': '02-24-00105', 'grade': 3}, {'id': '02-24-01201', 'grade': 4}, {'id': '02-24-00106', 'grade': 3}, {'id': '02-24-00108', 'grade': 3}, {'id': '02-24-01403', 'grade': 2}, {'id': '02-24-01409', 'grade': 2}, {'id': '02-24-00202', 'grade': 0}, {'id': '02-24-00204', 'grade': 2}, {'id': '02-24-00110', 'grade': 2}, {'id': '02-24-00302', 'grade': 3}, {'id': '02-24-00305', 'grade': 1}]",2.235294117647059,"['Data', 'Software', 'AI']"
68,7,"['02-24-00104', '02-24-00101', '02-24-00102', '02-24-00106', '02-24-01201', '02-24-00203', '02-24-01409', '02-24-00107', '02-24-00201', '02-24-01412', '02-24-01301', '02-24-01302', '02-24-00103', '02-24-00109', '02-24-01204', '02-24-01306', '02-24-01411', '02-24-00206', '02-24-01402', '02-24-01305', '02-24-00302']","[{'id': '02-24-00104', 'grade': 3}, {'id': '02-24-00101', 'grade': 2}, {'id': '02-24-00102', 'grade': 2}, {'id': '02-24-00106', 'grade': 3}, {'id': '02-24-01201', 'grade': 3}, {'id': '02-24-00203', 'grade': 3}, {'id': '02-24-01409', 'grade': 1}, {'id': '02-24-00107', 'grade': 1}, {'id': '02-24-00201', 'grade': 3}, {'id': '02-24-01412', 'grade': 1}, {'id': '02-24-01301', 'grade': 3}, {'id': '02-24-01302', 'grade': 4}, {'id': '02-24-00103', 'grade': 1}, {'id': '02-24-00109', 'grade': 1}, {'id': '02-24-01204', 'grade': 3}, {'id': '02-24-01306', 'grade': 4}, {'id': '02-24-01411', 'grade': 3}, {'id': '02-24-01402', 'grade': 0}, {'id': '02-24-00206', 'grade': 1}, {'id': '02-24-01402', 'grade': 2}, {'id': '02-24-01305', 'grade': 3}, {'id': '02-24-00302', 'grade': 3}]",2.272727272727273,['Software']
69,2,"['02-24-00104', '02-24-00105', '02-24-00306', '02-24-00305', '02-24-00107', '02-24-00108', '02-24-00102', '02-24-01413']","[{'id': '02-24-00104', 'grade': 1}, {'id': '02-24-00105', 'grade': 1}, {'id': '02-24-00306', 'grade': 1}, {'id': '02-24-00305', 'grade': 1}, {'id': '02-24-00107', 'grade': 4}, {'id': '02-24-00108', 'grade': 3}, {'id': '02-24-00102', 'grade': 2}, {'id': '02-24-01413', 'grade': 2}, {'id': '02-24-00110', 'grade': 0}]",1.6666666666666667,['AI']
70,3,"['02-24-00102', '02-24-00107', '02-24-00302', '02-24-00104', '02-24-01201', '02-24-01202', '02-24-00105', '02-24-00305', '02-24-00306', '02-24-00106', '02-24-00108', '02-24-00101']","[{'id': '02-24-00102', 'grade': 3}, {'id': '02-24-00107', 'grade': 4}, {'id': '02-24-00302', 'grade': 1}, {'id': '02-24-00104', 'grade': 3}, {'id': '02-24-01201', 'grade': 1}, {'id': '02-24-00105', 'grade': 0}, {'id': '02-24-01202', 'grade': 4}, {'id': '02-24-00105', 'grade': 3}, {'id': '02-24-00305', 'grade': 2}, {'id': '02-24-00306', 'grade': 3}, {'id': '02-24-00106', 'grade': 4}, {'id': '02-24-00108', 'grade': 4}, {'id': '02-24-00101', 'grade': 4}]",2.769230769230769,"['Data', 'AI']"
71,4,"['02-24-00107', '02-24-00104', '02-24-01202', '02-24-00102', '02-24-00105', '02-24-00302', '02-24-00306', '02-24-00202', '02-24-00106', '02-24-00103', '02-24-00101', '02-24-00108', '02-24-01416', '02-24-00303', '02-24-01410']","[{'id': '02-24-00107', 'grade': 1}, {'id': '02-24-00105', 'grade': 0}, {'id': '02-24-00104', 'grade': 4}, {'id': '02-24-01202', 'grade': 4}, {'id': '02-24-00102', 'grade': 3}, {'id': '02-24-00105', 'grade': 1}, {'id': '02-24-00302', 'grade': 1}, {'id': '02-24-00306', 'grade': 1}, {'id': '02-24-00202', 'grade': 1}, {'id': '02-24-00106', 'grade': 1}, {'id': '02-24-00103', 'grade': 2}, {'id': '02-24-00101', 'grade': 3}, {'id': '02-24-00108', 'grade': 4}, {'id': '02-24-01416', 'grade': 3}, {'id': '02-24-00303', 'grade': 3}, {'id': '02-24-00109', 'grade': 0}, {'id': '02-24-01410', 'grade': 2}]",2.0,"['AI', 'Data']"
72,1,"['02-24-00102', '02-24-00106', '02-24-00107', '02-24-00104', '02-24-00101']","[{'id': '02-24-00102', 'grade': 3}, {'id': '02-24-00106', 'grade': 4}, {'id': '02-24-00107', 'grade': 2}, {'id': '02-24-00104', 'grade': 3}, {'id': '02-24-00101', 'grade': 1}]",2.6,"['Data', 'Software']"
73,3,"['02-24-00102', '02-24-00103', '02-24-00105', '02-24-00101', '02-24-00110', '02-24-00308', '02-24-00202', '02-24-00107', '02-24-00302', '02-24-00106', '02-24-00109', '02-24-00307', '02-24-01416', '02-24-00104']","[{'id': '02-24-00102', 'grade': 3}, {'id': '02-24-00103', 'grade': 2}, {'id': '02-24-00105', 'grade': 4}, {'id': '02-24-00101', 'grade': 3}, {'id': '02-24-00107', 'grade': 0}, {'id': '02-24-00110', 'grade': 1}, {'id': '02-24-00308', 'grade': 3}, {'id': '02-24-00202', 'grade': 2}, {'id': '02-24-00107', 'grade': 3}, {'id': '02-24-00302', 'grade': 3}, {'id': '02-24-00106', 'grade': 4}, {'id': '02-24-00109', 'grade': 1}, {'id': '02-24-00307', 'grade': 3}, {'id': '02-24-01416', 'grade': 2}, {'id': '02-24-00104', 'grade': 4}]",2.533333333333333,"['Software', 'AI', 'Data']"
74,6,"['02-24-00107', '02-24-00101', '02-24-00104', '02-24-00102', '02-24-00302', '02-24-01201', '02-24-00103', '02-24-00106', '02-24-01202', '02-24-00109', '02-24-00205', '02-24-00105', '02-24-00108', '02-24-00202', '02-24-00308', '02-24-00306', '02-24-01413', '02-24-00303', '02-24-00110', '02-24-00201', '02-24-01203', '02-24-01305', '02-24-01301', '02-24-00305', '02-24-00204']","[{'id': '02-24-00107', 'grade': 3}, {'id': '02-24-00101', 'grade': 1}, {'id': '02-24-00104', 'grade': 4}, {'id': '02-24-00102', 'grade': 2}, {'id': '02-24-00302', 'grade': 1}, {'id': '02-24-01201', 'grade': 2}, {'id': '02-24-00105', 'grade': 0}, {'id': '02-24-00103', 'grade': 4}, {'id': '02-24-00106', 'grade': 3}, {'id': '02-24-00203', 'grade': 0}, {'id': '02-24-01202', 'grade': 2}, {'id': '02-24-00109', 'grade': 3}, {'id': '02-24-00205', 'grade': 1}, {'id': '02-24-00105', 'grade': 3}, {'id': '02-24-00203', 'grade': 0}, {'id': '02-24-00108', 'grade': 3}, {'id': '02-24-00202', 'grade': 4}, {'id': '02-24-00308', 'grade': 4}, {'id': '02-24-00306', 'grade': 2}, {'id': '02-24-01413', 'grade': 2}, {'id': '02-24-00303', 'grade': 4}, {'id': '02-24-00110', 'grade': 3}, {'id': '02-24-00201', 'grade': 2}, {'id': '02-24-01203', 'grade': 1}, {'id': '02-24-01305', 'grade': 1}, {'id': '02-24-01301', 'grade': 3}, {'id': '02-24-00305', 'grade': 3}, {'id': '02-24-00204', 'grade': 3}]",2.2857142857142856,['AI']
75,7,"['02-24-00103', '02-24-00101', '02-24-00302', '02-24-00106', '02-24-00102', '02-24-00104', '02-24-00201', '02-24-01305', '02-24-00107', '02-24-00109', '02-24-01201', '02-24-01412', '02-24-00203', '02-24-01402', '02-24-00205', '02-24-01302', '02-24-01204', '02-24-01301', '02-24-01409']","[{'id': '02-24-00103', 'grade': 3}, {'id': '02-24-00101', 'grade': 4}, {'id': '02-24-00302', 'grade': 4}, {'id': '02-24-00106', 'grade': 2}, {'id': '02-24-00102', 'grade': 3}, {'id': '02-24-00104', 'grade': 3}, {'id': '02-24-00201', 'grade': 1}, {'id': '02-24-01204', 'grade': 0}, {'id': '02-24-01305', 'grade': 1}, {'id': '02-24-00107', 'grade': 3}, {'id': '02-24-01201', 'grade': 0}, {'id': '02-24-00109', 'grade': 3}, {'id': '02-24-01201', 'grade': 2}, {'id': '02-24-01412', 'grade': 3}, {'id': '02-24-00203', 'grade': 4}, {'id': '02-24-01402', 'grade': 1}, {'id': '02-24-00205', 'grade': 3}, {'id': '02-24-01302', 'grade': 3}, {'id': '02-24-01204', 'grade': 4}, {'id': '02-24-01301', 'grade': 4}, {'id': '02-24-01405', 'grade': 0}, {'id': '02-24-01409', 'grade': 2}]",2.409090909090909,"['AI', 'Data']"
76,5,"['02-24-00106', '02-24-00302', '02-24-00105', '02-24-00110', '02-24-00108', '02-24-01413', '02-24-00107', '02-24-00204', '02-24-00104', '02-24-00303', '02-24-01403', '02-24-01202', '02-24-00102', '02-24-00101', '02-24-00201', '02-24-00305']","[{'id': '02-24-00106', 'grade': 3}, {'id': '02-24-00302', 'grade': 3}, {'id': '02-24-00105', 'grade': 3}, {'id': '02-24-00110', 'grade': 3}, {'id': '02-24-00108', 'grade': 4}, {'id': '02-24-01413', 'grade': 3}, {'id': '02-24-00107', 'grade': 1}, {'id': '02-24-00204', 'grade': 1}, {'id': '02-24-00104', 'grade': 2}, {'id': '02-24-00303', 'grade': 3}, {'id': '02-24-01403', 'grade': 2}, {'id': '02-24-01202', 'grade': 1}, {'id': '02-24-00102', 'grade': 4}, {'id': '02-24-00101', 'grade': 1}, {'id': '02-24-00203', 'grade': 0}, {'id': '02-24-00201', 'grade': 4}, {'id': '02-24-00305', 'grade': 2}]",2.3529411764705883,"['Data', 'Software']"
77,1,"['02-24-00103', '02-24-00302']","[{'id': '02-24-00103', 'grade': 3}, {'id': '02-24-00302', 'grade': 4}, {'id': '02-24-00101', 'grade': 0}]",2.3333333333333335,"['Data', 'AI']"
78,7,"['02-24-00107', '02-24-00302', '02-24-00105', '02-24-00103', '02-24-00106', '02-24-00201', '02-24-01204', '02-24-01402', '02-24-00206', '02-24-00104', '02-24-00307', '02-24-00109', '02-24-01306', '02-24-01302', '02-24-01202', '02-24-01411', '02-24-01403', '02-24-00202', '02-24-01412', '02-24-00308', '02-24-00108', '02-24-00110', '02-24-00101', '02-24-00102']","[{'id': '02-24-00107', 'grade': 4}, {'id': '02-24-00302', 'grade': 4}, {'id': '02-24-00105', 'grade': 2}, {'id': '02-24-00103', 'grade': 2}, {'id': '02-24-00106', 'grade': 3}, {'id': '02-24-00201', 'grade': 3}, {'id': '02-24-01204', 'grade': 4}, {'id': '02-24-01411', 'grade': 0}, {'id': '02-24-01402', 'grade': 1}, {'id': '02-24-00206', 'grade': 1}, {'id': '02-24-00104', 'grade': 3}, {'id': '02-24-00307', 'grade': 2}, {'id': '02-24-00108', 'grade': 0}, {'id': '02-24-00109', 'grade': 2}, {'id': '02-24-01306', 'grade': 2}, {'id': '02-24-01302', 'grade': 3}, {'id': '02-24-01202', 'grade': 3}, {'id': '02-24-01411', 'grade': 4}, {'id': '02-24-00306', 'grade': 0}, {'id': '02-24-01403', 'grade': 2}, {'id': '02-24-00202', 'grade': 2}, {'id': '02-24-01412', 'grade': 4}, {'id': '02-24-00308', 'grade': 3}, {'id': '02-24-00108', 'grade': 1}, {'id': '02-24-00110', 'grade': 1}, {'id': '02-24-00101', 'grade': 1}, {'id': '02-24-00102', 'grade': 3}, {'id': '02-24-00305', 'grade': 0}]",2.142857142857143,"['Software', 'Data', 'AI']"
79,6,"['02-24-00104', '02-24-00106', '02-24-00201', '02-24-01411', '02-24-01302', '02-24-00102', '02-24-01412', '02-24-01201', '02-24-01202', '02-24-01305', '02-24-01306', '02-24-00302', '02-24-00107', '02-24-01402', '02-24-00105', '02-24-00103', '02-24-00206']","[{'id': '02-24-00106', 'grade': 0}, {'id': '02-24-00104', 'grade': 4}, {'id': '02-24-00106', 'grade': 3}, {'id': '02-24-00201', 'grade': 3}, {'id': '02-24-01411', 'grade': 4}, {'id': '02-24-01302', 'grade': 2}, {'id': '02-24-00102', 'grade': 4}, {'id': '02-24-01412', 'grade': 2}, {'id': '02-24-01201', 'grade': 4}, {'id': '02-24-01202', 'grade': 2}, {'id': '02-24-01305', 'grade': 4}, {'id': '02-24-00107', 'grade': 0}, {'id': '02-24-01306', 'grade': 3}, {'id': '02-24-00302', 'grade': 2}, {'id': '02-24-00107', 'grade': 1}, {'id': '02-24-01402', 'grade': 2}, {'id': '02-24-00105', 'grade': 2}, {'id': '02-24-00103', 'grade': 1}, {'id': '02-24-00206', 'grade': 3}]",2.4210526315789473,"['AI', 'Data', 'Software']"
80,3,"['02-24-00106', '02-24-00302', '02-24-00101', '02-24-00201', '02-24-00102', '02-24-01306', '02-24-01301', '02-24-01411', '02-24-01402', '02-24-01204', '02-24-01305', '02-24-00105']","[{'id': '02-24-00106', 'grade': 1}, {'id': '02-24-00302', 'grade': 4}, {'id': '02-24-00101', 'grade': 3}, {'id': '02-24-00201', 'grade': 3}, {'id': '02-24-00102', 'grade': 4}, {'id': '02-24-01306', 'grade': 1}, {'id': '02-24-01301', 'grade': 1}, {'id': '02-24-01411', 'grade': 3}, {'id': '02-24-01402', 'grade': 1}, {'id': '02-24-01204', 'grade': 3}, {'id': '02-24-00206', 'grade': 0}, {'id': '02-24-01305', 'grade': 4}, {'id': '02-24-01302', 'grade': 0}, {'id': '02-24-00105', 'grade': 1}]",2.0714285714285716,['AI']
81,6,"['02-24-00104', '02-24-01202', '02-24-00105', '02-24-00106', '02-24-00102', '02-24-00305', '02-24-00103', '02-24-00101', '02-24-00306', '02-24-00302', '02-24-00203', '02-24-00110', '02-24-00107', '02-24-00201', '02-24-00308', '02-24-01302', '02-24-00109', '02-24-01305', '02-24-01204']","[{'id': '02-24-00104', 'grade': 4}, {'id': '02-24-01202', 'grade': 2}, {'id': '02-24-00105', 'grade': 1}, {'id': '02-24-00106', 'grade': 2}, {'id': '02-24-00102', 'grade': 3}, {'id': '02-24-01403', 'grade': 0}, {'id': '02-24-00305', 'grade': 3}, {'id': '02-24-00103', 'grade': 3}, {'id': '02-24-00101', 'grade': 0}, {'id': '02-24-00101', 'grade': 4}, {'id': '02-24-00306', 'grade': 4}, {'id': '02-24-00302', 'grade': 4}, {'id': '02-24-00203', 'grade': 3}, {'id': '02-24-00110', 'grade': 4}, {'id': '02-24-00201', 'grade': 0}, {'id': '02-24-00107', 'grade': 2}, {'id': '02-24-00201', 'grade': 2}, {'id': '02-24-00308', 'grade': 2}, {'id': '02-24-01302', 'grade': 2}, {'id': '02-24-00109', 'grade': 3}, {'id': '02-24-01305', 'grade': 3}, {'id': '02-24-01204', 'grade': 2}, {'id': '02-24-00307', 'grade': 0}]",2.3043478260869565,"['Software', 'AI', 'Data']"
82,7,"['02-24-00102', '02-24-00302', '02-24-00107', '02-24-00104', '02-24-00106', '02-24-00103', '02-24-01202', '02-24-00109', '02-24-01201', '02-24-00105', '02-24-00205', '02-24-00110', '02-24-00108', '02-24-00101', '02-24-00202', '02-24-00301', '02-24-00308', '02-24-00201', '02-24-00307', '02-24-01411', '02-24-01301', '02-24-00305', '02-24-01416', '02-24-00203', '02-24-01204', '02-24-01409', '02-24-01203', '02-24-01303', '02-24-01403', '02-24-01413', '02-24-01306', '02-24-01415']","[{'id': '02-24-00102', 'grade': 1}, {'id': '02-24-00302', 'grade': 4}, {'id': '02-24-00107', 'grade': 3}, {'id': '02-24-00104', 'grade': 3}, {'id': '02-24-00106', 'grade': 1}, {'id': '02-24-00103', 'grade': 4}, {'id': '02-24-01202', 'grade': 3}, {'id': '02-24-00109', 'grade': 3}, {'id': '02-24-01201', 'grade': 1}, {'id': '02-24-00105', 'grade': 4}, {'id': '02-24-00205', 'grade': 2}, {'id': '02-24-00110', 'grade': 1}, {'id': '02-24-00108', 'grade': 3}, {'id': '02-24-00101', 'grade': 2}, {'id': '02-24-00202', 'grade': 1}, {'id': '02-24-01413', 'grade': 0}, {'id': '02-24-00301', 'grade': 3}, {'id': '02-24-00308', 'grade': 1}, {'id': '02-24-00201', 'grade': 1}, {'id': '02-24-00307', 'grade': 4}, {'id': '02-24-01410', 'grade': 0}, {'id': '02-24-01411', 'grade': 2}, {'id': '02-24-01301', 'grade': 3}, {'id': '02-24-00304', 'grade': 0}, {'id': '02-24-00305', 'grade': 2}, {'id': '02-24-01416', 'grade': 3}, {'id': '02-24-00203', 'grade': 3}, {'id': '02-24-01204', 'grade': 4}, {'id': '02-24-01409', 'grade': 3}, {'id': '02-24-01203', 'grade': 1}, {'id': '02-24-01303', 'grade': 1}, {'id': '02-24-01403', 'grade': 3}, {'id': '02-24-01413', 'grade': 1}, {'id': '02-24-01306', 'grade': 1}, {'id': '02-24-01415', 'grade': 2}]",2.1142857142857143,['Data']
83,7,"['02-24-00106', '02-24-00105', '02-24-00306', '02-24-00108', '02-24-00101', '02-24-00102', '02-24-00204', '02-24-00201', '02-24-00110', '02-24-01301', '02-24-00302', '02-24-00303', '02-24-01412', '02-24-01403', '02-24-00301', '02-24-00206', '02-24-01302', '02-24-00103', '02-24-01402', '02-24-01413', '02-24-01204', '02-24-01411']","[{'id': '02-24-00106', 'grade': 4}, {'id': '02-24-00105', 'grade': 2}, {'id': '02-24-00306', 'grade': 2}, {'id': '02-24-00108', 'grade': 1}, {'id': '02-24-00101', 'grade': 3}, {'id': '02-24-00102', 'grade': 2}, {'id': '02-24-00204', 'grade': 2}, {'id': '02-24-00201', 'grade': 1}, {'id': '02-24-00110', 'grade': 1}, {'id': '02-24-01301', 'grade': 1}, {'id': '02-24-00302', 'grade': 3}, {'id': '02-24-00303', 'grade': 3}, {'id': '02-24-01412', 'grade': 4}, {'id': '02-24-01403', 'grade': 4}, {'id': '02-24-00301', 'grade': 1}, {'id': '02-24-00206', 'grade': 1}, {'id': '02-24-01302', 'grade': 4}, {'id': '02-24-00103', 'grade': 3}, {'id': '02-24-01402', 'grade': 2}, {'id': '02-24-00203', 'grade': 0}, {'id': '02-24-01411', 'grade': 0}, {'id': '02-24-01413', 'grade': 2}, {'id': '02-24-01204', 'grade': 1}, {'id': '02-24-01411', 'grade': 2}]",2.0416666666666665,"['Software', 'Data', 'AI']"
84,5,"['02-24-00106', '02-24-00302', '02-24-00104', '02-24-00103', '02-24-00201', '02-24-01306', '02-24-00102', '02-24-00105', '02-24-00110', '02-24-00206', '02-24-01402', '02-24-00107', '02-24-00306', '02-24-00305', '02-24-00109']","[{'id': '02-24-00106', 'grade': 1}, {'id': '02-24-00302', 'grade': 1}, {'id': '02-24-00104', 'grade': 1}, {'id': '02-24-00103', 'grade': 3}, {'id': '02-24-00201', 'grade': 2}, {'id': '02-24-01306', 'grade': 4}, {'id': '02-24-00102', 'grade': 2}, {'id': '02-24-00105', 'grade': 4}, {'id': '02-24-00110', 'grade': 3}, {'id': '02-24-00206', 'grade': 4}, {'id': '02-24-01402', 'grade': 3}, {'id': '02-24-00107', 'grade': 3}, {'id': '02-24-00306', 'grade': 2}, {'id': '02-24-00305', 'grade': 4}, {'id': '02-24-00109', 'grade': 2}]",2.6,"['Data', 'Software']"
85,1,"['02-24-00106', '02-24-00105', '02-24-00110']","[{'id': '02-24-00106', 'grade': 2}, {'id': '02-24-00105', 'grade': 4}, {'id': '02-24-00110', 'grade': 4}]",3.3333333333333335,"['Data', 'AI']"
86,3,"['02-24-00103', '02-24-00101', '02-24-00107', '02-24-00104', '02-24-00105', '02-24-00102', '02-24-00308', '02-24-00306', '02-24-01201', '02-24-00203', '02-24-00108', '02-24-00110', '02-24-01409']","[{'id': '02-24-00103', 'grade': 3}, {'id': '02-24-00101', 'grade': 3}, {'id': '02-24-00107', 'grade': 2}, {'id': '02-24-00105', 'grade': 0}, {'id': '02-24-00104', 'grade': 3}, {'id': '02-24-00105', 'grade': 3}, {'id': '02-24-00106', 'grade': 0}, {'id': '02-24-00102', 'grade': 3}, {'id': '02-24-00308', 'grade': 1}, {'id': '02-24-00306', 'grade': 4}, {'id': '02-24-01201', 'grade': 4}, {'id': '02-24-00203', 'grade': 3}, {'id': '02-24-00108', 'grade': 2}, {'id': '02-24-00110', 'grade': 3}, {'id': '02-24-01409', 'grade': 4}]",2.533333333333333,['Software']
87,4,"['02-24-00107', '02-24-00104', '02-24-01202', '02-24-00101', '02-24-00105', '02-24-00108', '02-24-01413', '02-24-00110', '02-24-00203']","[{'id': '02-24-00107', 'grade': 2}, {'id': '02-24-00104', 'grade': 3}, {'id': '02-24-01202', 'grade': 2}, {'id': '02-24-00105', 'grade': 0}, {'id': '02-24-00101', 'grade': 3}, {'id': '02-24-00105', 'grade': 3}, {'id': '02-24-00108', 'grade': 1}, {'id': '02-24-01413', 'grade': 1}, {'id': '02-24-01414', 'grade': 0}, {'id': '02-24-00110', 'grade': 1}, {'id': '02-24-01410', 'grade': 0}, {'id': '02-24-00203', 'grade': 2}, {'id': '02-24-00103', 'grade': 0}]",1.3846153846153846,['Data']
88,6,"['02-24-00302', '02-24-00104', '02-24-00107', '02-24-00106', '02-24-00101', '02-24-00105', '02-24-00201', '02-24-01305', '02-24-01301', '02-24-00202', '02-24-00108', '02-24-01415', '02-24-01416', '02-24-00303', '02-24-01402', '02-24-00110', '02-24-00301', '02-24-01413', '02-24-00102']","[{'id': '02-24-00302', 'grade': 4}, {'id': '02-24-00104', 'grade': 3}, {'id': '02-24-00107', 'grade': 2}, {'id': '02-24-00106', 'grade': 1}, {'id': '02-24-00101', 'grade': 2}, {'id': '02-24-00105', 'grade': 3}, {'id': '02-24-00201', 'grade': 1}, {'id': '02-24-01305', 'grade': 4}, {'id': '02-24-01301', 'grade': 1}, {'id': '02-24-00202', 'grade': 1}, {'id': '02-24-00108', 'grade': 4}, {'id': '02-24-01415', 'grade': 1}, {'id': '02-24-01416', 'grade': 1}, {'id': '02-24-00303', 'grade': 3}, {'id': '02-24-01402', 'grade': 4}, {'id': '02-24-00110', 'grade': 1}, {'id': '02-24-00301', 'grade': 2}, {'id': '02-24-01413', 'grade': 2}, {'id': '02-24-00102', 'grade': 1}, {'id': '02-24-01201', 'grade': 0}]",2.05,"['Data', 'Software', 'AI']"
89,5,"['02-24-00106', '02-24-00105', '02-24-00110', '02-24-00102', '02-24-00107', '02-24-01201', '02-24-00305', '02-24-00302', '02-24-00108', '02-24-00104', '02-24-00202', '02-24-01415', '02-24-01202']","[{'id': '02-24-00106', 'grade': 3}, {'id': '02-24-00105', 'grade': 1}, {'id': '02-24-00110', 'grade': 4}, {'id': '02-24-00102', 'grade': 2}, {'id': '02-24-00305', 'grade': 0}, {'id': '02-24-00107', 'grade': 3}, {'id': '02-24-01201', 'grade': 4}, {'id': '02-24-00306', 'grade': 0}, {'id': '02-24-00103', 'grade': 0}, {'id': '02-24-00305', 'grade': 3}, {'id': '02-24-00302', 'grade': 3}, {'id': '02-24-00108', 'grade': 3}, {'id': '02-24-00104', 'grade': 1}, {'id': '02-24-00202', 'grade': 2}, {'id': '02-24-01415', 'grade': 2}, {'id': '02-24-01202', 'grade': 1}]",2.0,"['Data', 'AI', 'Software']"
90,5,"['02-24-00103', '02-24-00107', '02-24-00106', '02-24-00104', '02-24-00302', '02-24-00101', '02-24-00201', '02-24-01204', '02-24-01305', '02-24-00203', '02-24-00109', '02-24-01402', '02-24-01411', '02-24-00102', '02-24-00105', '02-24-00307', '02-24-00206', '02-24-01306', '02-24-01301', '02-24-01202', '02-24-00306']","[{'id': '02-24-00103', 'grade': 4}, {'id': '02-24-00107', 'grade': 3}, {'id': '02-24-00106', 'grade': 2}, {'id': '02-24-00104', 'grade': 1}, {'id': '02-24-00302', 'grade': 4}, {'id': '02-24-00101', 'grade': 3}, {'id': '02-24-00201', 'grade': 1}, {'id': '02-24-01204', 'grade': 2}, {'id': '02-24-01305', 'grade': 4}, {'id': '02-24-00203', 'grade': 3}, {'id': '02-24-00109', 'grade': 4}, {'id': '02-24-01402', 'grade': 4}, {'id': '02-24-01411', 'grade': 4}, {'id': '02-24-00102', 'grade': 1}, {'id': '02-24-00105', 'grade': 2}, {'id': '02-24-00307', 'grade': 3}, {'id': '02-24-00206', 'grade': 4}, {'id': '02-24-01306', 'grade': 1}, {'id': '02-24-01301', 'grade': 1}, {'id': '02-24-01202', 'grade': 1}, {'id': '02-24-00306', 'grade': 3}]",2.619047619047619,['Data']
91,2,"['02-24-00105', '02-24-00104', '02-24-01202', '02-24-00110', '02-24-00106', '02-24-01403', '02-24-00108']","[{'id': '02-24-00105', 'grade': 2}, {'id': '02-24-00104', 'grade': 2}, {'id': '02-24-01202', 'grade': 3}, {'id': '02-24-00110', 'grade': 1}, {'id': '02-24-00106', 'grade': 3}, {'id': '02-24-01403', 'grade': 3}, {'id': '02-24-00103', 'grade': 0}, {'id': '02-24-00108', 'grade': 1}]",1.875,['AI']
92,4,"['02-24-00105', '02-24-00202', '02-24-00102', '02-24-00106', '02-24-01201', '02-24-00108', '02-24-00104', '02-24-00305', '02-24-01202', '02-24-00306', '02-24-01416']","[{'id': '02-24-00105', 'grade': 1}, {'id': '02-24-00202', 'grade': 4}, {'id': '02-24-00102', 'grade': 2}, {'id': '02-24-00106', 'grade': 4}, {'id': '02-24-01201', 'grade': 3}, {'id': '02-24-00108', 'grade': 2}, {'id': '02-24-00104', 'grade': 2}, {'id': '02-24-00305', 'grade': 1}, {'id': '02-24-00303', 'grade': 0}, {'id': '02-24-01202', 'grade': 3}, {'id': '02-24-00306', 'grade': 3}, {'id': '02-24-01416', 'grade': 4}, {'id': '02-24-00101', 'grade': 0}]",2.230769230769231,"['Data', 'Software', 'AI']"
93,4,"['02-24-00105', '02-24-00104', '02-24-00202', '02-24-00108', '02-24-01413', '02-24-00302', '02-24-01202', '02-24-00110', '02-24-00103', '02-24-00102', '02-24-01415', '02-24-00204', '02-24-00305', '02-24-00106', '02-24-00301', '02-24-00201']","[{'id': '02-24-00105', 'grade': 3}, {'id': '02-24-00104', 'grade': 4}, {'id': '02-24-00202', 'grade': 2}, {'id': '02-24-00108', 'grade': 4}, {'id': '02-24-01413', 'grade': 1}, {'id': '02-24-00302', 'grade': 4}, {'id': '02-24-01202', 'grade': 1}, {'id': '02-24-00110', 'grade': 1}, {'id': '02-24-00103', 'grade': 1}, {'id': '02-24-00102', 'grade': 4}, {'id': '02-24-00304', 'grade': 0}, {'id': '02-24-01415', 'grade': 4}, {'id': '02-24-00204', 'grade': 3}, {'id': '02-24-00305', 'grade': 3}, {'id': '02-24-00106', 'grade': 0}, {'id': '02-24-00106', 'grade': 3}, {'id': '02-24-00301', 'grade': 1}, {'id': '02-24-00201', 'grade': 3}]",2.3333333333333335,"['Data', 'Software']"
94,5,"['02-24-00106', '02-24-00101', '02-24-00103', '02-24-00201', '02-24-00109', '02-24-00203', '02-24-01402', '02-24-00105', '02-24-01301', '02-24-00308', '02-24-01412', '02-24-01302', '02-24-00110', '02-24-01403', '02-24-00205', '02-24-00301', '02-24-00104', '02-24-00206', '02-24-00108', '02-24-01414', '02-24-01202', '02-24-01305', '02-24-00202', '02-24-01416']","[{'id': '02-24-00106', 'grade': 1}, {'id': '02-24-00101', 'grade': 4}, {'id': '02-24-00103', 'grade': 3}, {'id': '02-24-00201', 'grade': 4}, {'id': '02-24-00109', 'grade': 1}, {'id': '02-24-00203', 'grade': 3}, {'id': '02-24-01402', 'grade': 4}, {'id': '02-24-00105', 'grade': 4}, {'id': '02-24-01301', 'grade': 3}, {'id': '02-24-00308', 'grade': 2}, {'id': '02-24-01412', 'grade': 1}, {'id': '02-24-00302', 'grade': 0}, {'id': '02-24-01302', 'grade': 4}, {'id': '02-24-00110', 'grade': 1}, {'id': '02-24-01403', 'grade': 4}, {'id': '02-24-00205', 'grade': 3}, {'id': '02-24-00301', 'grade': 2}, {'id': '02-24-00104', 'grade': 3}, {'id': '02-24-00206', 'grade': 3}, {'id': '02-24-00108', 'grade': 3}, {'id': '02-24-01414', 'grade': 2}, {'id': '02-24-01202', 'grade': 3}, {'id': '02-24-01305', 'grade': 2}, {'id': '02-24-00202', 'grade': 4}, {'id': '02-24-01416', 'grade': 3}]",2.68,['AI']
95,5,"['02-24-00106', '02-24-00104', '02-24-00101', '02-24-00302', '02-24-00105', '02-24-00102', '02-24-00108', '02-24-00103', '02-24-00204', '02-24-00303', '02-24-01413', '02-24-00107', '02-24-00201', '02-24-00305', '02-24-00203', '02-24-00306', '02-24-00109', '02-24-00206']","[{'id': '02-24-00106', 'grade': 3}, {'id': '02-24-00104', 'grade': 3}, {'id': '02-24-00101', 'grade': 2}, {'id': '02-24-00302', 'grade': 3}, {'id': '02-24-00105', 'grade': 2}, {'id': '02-24-00102', 'grade': 3}, {'id': '02-24-00108', 'grade': 2}, {'id': '02-24-00103', 'grade': 1}, {'id': '02-24-00204', 'grade': 4}, {'id': '02-24-00303', 'grade': 3}, {'id': '02-24-01413', 'grade': 4}, {'id': '02-24-00201', 'grade': 0}, {'id': '02-24-00107', 'grade': 1}, {'id': '02-24-00201', 'grade': 3}, {'id': '02-24-00305', 'grade': 2}, {'id': '02-24-00203', 'grade': 1}, {'id': '02-24-00306', 'grade': 1}, {'id': '02-24-00109', 'grade': 3}, {'id': '02-24-00206', 'grade': 1}]",2.210526315789474,"['AI', 'Software', 'Data']"
96,6,"['02-24-00107', '02-24-00302', '02-24-00105', '02-24-00101', '02-24-00305', '02-24-00110', '02-24-00104', '02-24-00203', '02-24-00106', '02-24-00108', '02-24-00102', '02-24-00306', '02-24-01413', '02-24-01201', '02-24-01414', '02-24-01409', '02-24-00301', '02-24-00202', '02-24-00201', '02-24-01402', '02-24-01305', '02-24-01416', '02-24-00206', '02-24-01301']","[{'id': '02-24-00107', 'grade': 3}, {'id': '02-24-00102', 'grade': 0}, {'id': '02-24-00302', 'grade': 3}, {'id': '02-24-00102', 'grade': 0}, {'id': '02-24-00105', 'grade': 4}, {'id': '02-24-00101', 'grade': 3}, {'id': '02-24-00305', 'grade': 3}, {'id': '02-24-00110', 'grade': 2}, {'id': '02-24-00104', 'grade': 3}, {'id': '02-24-00203', 'grade': 4}, {'id': '02-24-00106', 'grade': 3}, {'id': '02-24-00301', 'grade': 0}, {'id': '02-24-00108', 'grade': 4}, {'id': '02-24-00102', 'grade': 4}, {'id': '02-24-00306', 'grade': 1}, {'id': '02-24-01413', 'grade': 2}, {'id': '02-24-01201', 'grade': 4}, {'id': '02-24-01414', 'grade': 2}, {'id': '02-24-01409', 'grade': 2}, {'id': '02-24-00301', 'grade': 4}, {'id': '02-24-00202', 'grade': 3}, {'id': '02-24-00204', 'grade': 0}, {'id': '02-24-00201', 'grade': 3}, {'id': '02-24-01402', 'grade': 1}, {'id': '02-24-01305', 'grade': 2}, {'id': '02-24-01416', 'grade': 2}, {'id': '02-24-00206', 'grade': 3}, {'id': '02-24-01301', 'grade': 3}]",2.4285714285714284,['AI']
97,3,"['02-24-00102', '02-24-01201', '02-24-00106', '02-24-00302', '02-24-00104', '02-24-00103', '02-24-00105', '02-24-00109', '02-24-00307', '02-24-00201', '02-24-00107']","[{'id': '02-24-00102', 'grade': 4}, {'id': '02-24-01201', 'grade': 4}, {'id': '02-24-00106', 'grade': 1}, {'id': '02-24-00104', 'grade': 0}, {'id': '02-24-00302', 'grade': 4}, {'id': '02-24-00104', 'grade': 4}, {'id': '02-24-00103', 'grade': 3}, {'id': '02-24-00105', 'grade': 3}, {'id': '02-24-00109', 'grade': 3}, {'id': '02-24-00307', 'grade': 4}, {'id': '02-24-00201', 'grade': 1}, {'id': '02-24-00107', 'grade': 2}]",2.75,"['AI', 'Software', 'Data']"
98,4,"['02-24-00101', '02-24-00103', '02-24-00105', '02-24-00110', '02-24-00307', '02-24-00302', '02-24-00203', '02-24-00107', '02-24-00109', '02-24-00305', '02-24-00202', '02-24-01416', '02-24-00102', '02-24-01201', '02-24-00205']","[{'id': '02-24-00101', 'grade': 4}, {'id': '02-24-00103', 'grade': 4}, {'id': '02-24-00109', 'grade': 0}, {'id': '02-24-00105', 'grade': 2}, {'id': '02-24-00110', 'grade': 4}, {'id': '02-24-00307', 'grade': 1}, {'id': '02-24-00302', 'grade': 4}, {'id': '02-24-00203', 'grade': 3}, {'id': '02-24-00107', 'grade': 3}, {'id': '02-24-00104', 'grade': 0}, {'id': '02-24-00109', 'grade': 2}, {'id': '02-24-00102', 'grade': 0}, {'id': '02-24-00305', 'grade': 3}, {'id': '02-24-00202', 'grade': 4}, {'id': '02-24-01416', 'grade': 2}, {'id': '02-24-00102', 'grade': 2}, {'id': '02-24-01201', 'grade': 3}, {'id': '02-24-00205', 'grade': 3}]",2.4444444444444446,"['Data', 'AI']"
99,3,"['02-24-00104', '02-24-01202', '02-24-00105', '02-24-00302', '02-24-00106', '02-24-00103', '02-24-00101', '02-24-00109']","[{'id': '02-24-00104', 'grade': 3}, {'id': '02-24-00102', 'grade': 0}, {'id': '02-24-01202', 'grade': 2}, {'id': '02-24-00105', 'grade': 2}, {'id': '02-24-00302', 'grade': 3}, {'id': '02-24-00106', 'grade': 1}, {'id': '02-24-00103', 'grade': 2}, {'id': '02-24-00101', 'grade': 2}, {'id': '02-24-00109', 'grade': 4}]",2.111111111111111,['AI']
100,1,"['02-24-00107', '02-24-00102', '02-24-00103']","[{'id': '02-24-00107', 'grade': 2}, {'id': '02-24-00102', 'grade': 3}, {'id': '02-24-00103', 'grade': 4}]",3.0,['Software']
